and	his	still	forgotten	was	i	mist	singing	the	never	him	of	to	voice	ever	kid	love	an	when	listened	a	beautiful	angel
and	around	how	his	my	people	little	up	who	no	comforting	early	just	loving	was	i	job	at	the	pretensions	but	graduated	have	grow	never	of	had	smooth	gentle	like	to	voice	simple	is	reeves	town	love	songs	always	age	it	forgot	grew	they	leave	were	find	with	sweet	a	jesus	sounds	most	great	think	so
mum	his	songs	reminds	my	who	me	played	him	of	everyday	to	listening
fear	every	still	heard	used	over	i	funerals	because	as	song	rip	of	got	to	voice	touches	reeves	jim	reminded	your	now	cry	death	it	that	many	souls	a	time	me	appreciate	child	this
how	my	was	i	for	the	but	do	teenager	changes	things	to	listening	reeves	70	jim	dad	when	back	it	loved	in	a	then	time	me	did
and	feeling	his	he	tunes	i	am	the	childhood	have	to	reeves	jim	love	also	since	now	comes	music	listened	nostalgic	puts	in	with	71	a	me
and	came	my	hawaii	up	months	still	foreboding	senior	was	out	i	for	inducted	girlfriend	the	but	hear	as	marry	usmc	song	aisle	of	we	down	june	like	to	walk	not	both	high	knowledge	might	18	babies	years	an	cry	when	texas	her	it	back	rpg	laid	dianne	loved	year	that	married	make	in	into	with	our	47	a	wedding	later	this	able
only	his	few	he	up	norway	dvd	picked	charity	was	rare	shop	weeks	before	of	june	jim	also	years	death	back	concert	1964	in	length	a	at	interviewed	colour
universal	only	and	his	be	my	up	some	can	i	type	for	am	the	sure	so	well	contents	heart	of	on	words	places	are	reeves	jim	songs	seen	muslim	god	grew	47	in	many	our	praises	its	a	one	lord	follow	this	praise
listening	reeves	memory	jim	a	up	it	i	grew	to	is	lane
every	my	hearing	used	was	i	the	but	grandfather	hear	of	had	on	1970	to	love	cry	it	wonderful	favourites	makes	in	jukebox	with	a	pub	one	dance	time	grandparents	me	this
fine	my	tunes	played	tune	the	gentleman	childhood	parents	on	from	jim	when	our	a	record	this	player
my	old	can	44yr	i	the	album	childhood	happy	him	of	to	listening	from	reeves	jim	now	memories	many	away	drift	so
and	takes	lot	early	england	i	the	singer	of	john	to	voice	reeves	jim	back	listened	memories	wonderful	fantastic	in	a	me	great	this
in	7	1966	young	always	my	he	up	when	heart	coming	was	i	remember
his	my	favorite	played	father	the	brings	as	of	to	voice	listening	reeves	kid	jim	when	back	memories	in	a	record	lps	great	player
and	was	i	born	the	everyone	1966	song	well	singer	by	from	missed	years	loved	in	number	one	a	great	this
many	hear	when	i	memories	this	so
remembering	the	old	good	days
my	lot	comfort	the	brings	parents	of	we	to	listening	too	when	music	loved	they	were	a	children	me	this
and	my	such	over	you	i	these	mom	oldies	childhood	miss	of	to	listening	from	jim	momma	back	memories	bring	remember	fond	candy
only	much	dad	how	reminds	my	if	miss	me	him	of	i	had	would	known
play	and	my	used	was	i	the	mom	so	of	has	to	dad	reminds	when	with	get	away	dance	time	passed	me	beautiful
replicated	be	my	such	can	being	played	was	i	these	itself	furniture	somehow	sound	the	as	house	rose	well	of	to	listening	made	vacuum	tone	from	not	voice	piece	jim	small	valves	songs	it	that	remember	in	with	gramaphone	wood	a	suited	today	grandparents	beautiful	great	child	so
radio	be	my	favorite	still	can	played	was	you	i	late	the	everytime	hear	mom	miss	song	way	on	both	too	young	dad	when	her	it	god	remember	each	hums	with	away	a	time	this
crash	and	his	my	favorite	almost	was	i	live	but	brings	untimely	song	of	reeves	jim	what	plane	death	forever	back	singers	music	memories	will	in	shattered	world	one	a	great	this	59	country
play	and	army	came	my	join	played	i	the	sure	mum	told	childhood	miss	till	of	them	on	to	left	wore	reeves	piece	jim	reminds	always	now	when	she	would	make	they	our	in	home	one	record	me	this	player
amazing	while	my	still	over	you	i	mum	song	remind	never	thinking	of	we	served	love	loved	will	were	get	a	one	all	me	peter	this	country
only	and	my	few	he	9	was	i	live	the	brings	boy	house	ago	song	long	had	we	ever	reeves	drinks	jim	dad	when	it	back	memories	would	that	sing	party	a	time	40years	this	at
last	be	my	who	reliving	such	you	i	sadly	everyone	the	mum	but	childhood	have	so	happy	shares	to	thank	captured	7	jim	much	always	now	she	memories	will	favourite	spent	died	all	hrs
crash	about	came	if	disc	he	just	old	was	over	i	out	after	the	wire	song	jockey	10	correctly	reeves	years	plane	when	that	remember	said	in	news	died	away	a	passed	this
and	my	hearing	just	heard	i	out	am	whilst	the	as	straight	have	song	caught	of	on	to	not	words	from	dad	husband	years	started	it	western	sing	47	in	30	australia	away	a	blue	beautiful	child	this	sung
and	mary	my	he	people	law	loving	was	i	father	but	miss	so	song	him	them	to	both	are	going	much	war	her	asked	gone	loved	they	in	were	name	into	world	mother	beautiful	this
and	mary	my	was	i	but	gentleman	have	well	is	jim	too	young	love	always	loved	remember	days	name	those	this
his	he	was	i	taken	had	give	to	listening	voice	kid	too	much	when	music	loved	more	a	great	soon	so
his	my	i	drums	have	ago	singer	to	from	jim	love	songs	since	years	awesome	listened	god	bless	jims	distant	many	inverness	a	teens
the	reminds	always	song	genesis	me	rock	of	this	punk
the	in	brings	my	mom	all	little	time	cafe	her	back	played	great	memories	this
and	his	my	he	hearing	favorite	was	you	i	september	brings	so	singer	thinking	him	frequently	of	to	always	since	cry	her	back	music	listened	she	memories	grandmother	want	makes	in	many	with	quite	away	passed	me	good
in	reminds	my	parents	happy	times	me	of
every	and	jimmy	hank	70s	again	jones	my	sunday	some	early	i	for	late	the	sausage	us	nearly	morning	of	on	does	to	pancakes	60s	reeves	jim	dad	dean	back	memories	would	bring	williams	fix	go	a	all	one	put	could	breakfast	this	big	wish	gosh
reeves	and	jim	cash	always	my	reminds	granddad	who	johnny	me	of	to	listening	liked
and	how	again	was	arranged	i	live	the	enough	beautifully	produced	kind	know	well	never	lucky	of	we	to	is	era	see	labor	love	during	written	it	music	that	will	remember	makes	real	a	record	knowing	very	me	sad	great	smile	this
takes	my	childhood	very	me	back	beautiful	loved	this	to	track
where	around	how	my	4	was	you	cheer	grin	live	at	the	memory	song	other	long	we	had	down	on	thank	lane	much	face	an	awesome	back	it	music	memories	that	wonderful	trip	many	all	then	time	me	good	this	so
still	throw	sure	do	miss	on	is	there	much	hanging	back	days	in	classic	those	this	so
my	no	babe	months	you	i	husbands	brings	use	rip	to	is	joke	love	always	since	yrs	back	it	god	memories	will	8	sing	31	been	passed	me	beautiful	this
in	school	last	always	my	wen	song	remind	me	brilliant	was	i	1974	year	at
and	my	still	just	tune	oh	fell	to	love	back	it	memories	loved	sweet	then	youth	gosh
jack	posting	show	i	for	gold	graffiti	the	song	on	to	listening	phoenix	back	az	it	thanks	weekend	memories	remember	in	classic	great	wolfman	this
heard	was	i	for	the	song	of	thought	first	it	day	that	remember	all	time	beautiful	great	most
my	watching	some	the	sunset	brings	of	on	special	best	shore	back	memories	north	with	lady	oahu
and	growing	my	up	competing	turned	i	for	after	attention	the	broke	because	song	other	heart	we	on	to	young	years	she	42	remember	reconnected	choose	a	guy	me	this	ladies
play	1990	radio	and	lump	again	came	my	people	still	just	bawled	was	i	out	for	after	am	at	the	but	broke	guardhouse	song	of	we	on	like	to	listening	not	sight	wife	are	young	your	always	elvis	when	eyes	back	beatles	together	loved	that	work	youtube	in	gate	get	a	throat	good	this	checking	did
my	played	i	at	everytime	head	song	we	to	are	there	elvis	her	grandma	music	loved	memories	s	listen	in	many	really	this	so	funeral
the	love	reminds	my	song	me	of	i	this	life
my	i	live	the	hear	lyrics	song	of	on	side	love	reminds	when	it	music	imagine	everything	in	a	me	great	this	life
and	ruined	loving	i	woman	the	broke	have	song	heart	10	ever	transparent	relationship	reminds	years	her	it	wonderful	regret	with	been	more	a	should	me	beautiful	later	most	this
amazing	and	mary	how	while	my	he	up	still	deep	can	fathers	was	you	i	life	for	am	singing	blessed	sat	the	mum	but	miss	have	so	glad	song	had	them	on	showing	to	voice	thank	give	lap	both	are	much	love	curled	dad	along	together	receive	loved	remember	they	in	welsh	shared	very	me	most	this	sung
the	in	reminded	my	a	happy	song	usa	great	of	memories	which	youthful	days
baritone	and	growing	up	heard	i	golden	hear	everytime	it	nostalgic	makes	me	could	this	swoon
and	around	came	my	watching	old	was	i	shock	announcement	the	shocked	11	kitchen	tv	had	on	too	years	elvis	adults	that	remember	in	into	with	go	died	all	family	standing	aunt
and	how	used	you	i	mum	as	miss	song	rip	of	to	reminds	sing	sweet	a	me	child	this	so
many	brings	his	songs	my	all	so	eyes	tears	memories	to
and	5	came	my	favorite	still	was	out	i	sound	the	mom	have	song	well	67	is	45	yo	it	memories	in	record	then	me	motown	alive	this	bought
came	19	some	was	i	out	brings	song	of	when	it	back	memories	that	time	good	this
radio	his	guys	heard	was	these	i	for	the	group	college	on	thought	when	first	soul	steve	they	fantastic	in	were	black	probably	a	time	winwood	teens
70	were	and	the	that	years	he	times	rock	for	good	fantastic	60
radio	no	heard	was	i	17	am	on	to	stereo	when	first	boot	year	steve	fantastic	14	mono	winwood
the	sure	brings	back	memories	for	thats
that	what	my	a	song	time	was	francisco	i	way	san	on	great	to
name	much	died	love	u	my	laura	an	miss	her	was	she	i	so	wife
dancing	16	and	with	my	so	this	song	clearly	mama	i	to	remember
my	laura	he	no	everyday	was	mum	but	us	longer	song	to	remains	is	dad	always	her	hearts	sing	in	name	with	our	this
and	my	early	heard	was	i	the	mum	song	thinking	80s	had	thing	on	tape	ever	kid	when	it	remember	a	most	this	depressing
meeting	cars	times	used	played	i	race	the	racing	lorry	do	we	way	on	to	always	when	back	in	our	were	with	a	great	this	banger
and	my	he	i	sadly	the	cd	but	grandad	miss	listens	11	him	we	on	words	lost	love	always	when	will	with	away	a	learned	passed	me	this
in	turn	my	laura	como	1993	back	you	memories	italia	to	thank	from
and	you	i	for	the	us	of	made	thank	video	what	it	remember	work	lovely	a	beautiful	this
play	radio	and	growing	my	if	up	used	tunes	tears	was	i	late	thats	the	mum	hear	changed	as	know	of	im	them	on	to	is	leoni	always	now	eyes	when	her	it	she	stuck	obviously	would	bring	remember	sing	in	name	with	toddler	daughter	dont	even	one	a	me	teens	later	which	this	life
favourite	lost	last	dad	reminds	my	he	one	song	me	singers	of	i	dads	that	this	year
absolutely	his	my	favorite	grandfathers	was	come	i	you	thank	reeves	jim	love	music	memories	with	great	this	artist
and	his	drums	the	memory	as	of	to	voice	is	reeves	jim	unforgettable	first	maybe	music	distant	me	dear	beautiful
radio	bonnie	and	my	lies	used	banned	over	i	for	the	sadder	we	ocean	to	is	lol	from	school	that	sing	in	been	sad	think	personally
and	hit	no	was	i	for	the	weeks	charts	teenager	memorable	1960	it	in	a	one	very	this	wander	big
brings	back	some	memories	good	lol
and	my	laura	up	old	early	contact	4	was	i	out	for	after	the	but	got	90s	had	called	joking	never	of	we	long	separate	plucked	20	to	girl	best	found	on	messages	happily	ever	friends	is	bullshit	love	young	during	years	kids	first	her	courage	met	went	year	ways	married	our	in	flowing	true	14	a	time	living	me	part	later	facebook	ask
where	wonder	laura	lived	blackstone	now	is	crossroads	she	i	at	remember
and	my	he	such	was	i	oh	so	song	use	him	of	had	to	voice	much	love	dad	reminds	when	it	sing	a	very	me	beautiful	child	this
the	but	jim	love	na	never	sad	music	memories	that	gon	is	they
and	his	my	who	hearing	was	nan	i	singing	grandad	rip	of	to	reeves	jim	young	reminds	songs	when	along	music	loved	remember	grandparents	me
my	lot	younger	i	experienced	shoulders	head	have	had	things	on	back	would	been	a	then	this	different	wish
love	his	songs	yesterday	all	back	of	i	memories	bring
and	be	sang	just	old	everyday	was	i	at	the	men	usually	caretaker	embarrassing	need	to	school	now	it	tommy	would	sing	find	sweet	a	me	this	life	so
and	named	mary	hit	his	about	my	just	peaceful	played	over	was	i	composure	nan	for	at	the	kept	but	grandad	guess	as	us	ago	song	completely	so	favorites	thinking	melancholy	of	is	utterly	lost	too	there	also	now	started	it	perfect	year	uplifting	makes	home	quite	throughout	been	more	a	one	all	very	have	choice	really	relatively	could	soon	which	this	funeral	service
dancing	my	no	who	he	engaged	can	over	i	live	the	ago	song	pain	of	3	we	got	like	to	worked	danced	reeves	jim	much	love	reminds	husband	years	constant	when	it	listen	sing	in	with	world	one	all	passed	me	chronic	mining	this	so
and	his	my	lot	younger	old	played	was	i	man	prime	father	feelings	mum	as	parents	living	of	teen	to	listening	is	kid	now	when	age	back	she	in	with	brought	a	me	alive	this
what	be	a	take	time	73	me	back	lord	good	alive	to
about	again	damn	moment	or	before	grocery	of	20	we	like	macias	hooked	years	knows	what	her	mother	more	a	this	and	last	few	was	after	3rd	tv	anna	to	might	when	it	year	in	name	acknowledge	be	i	mothers	house	store	had	see	depending	now	an	back	reconnected	into	with	then	at	anita	gf	who	up	old	live	ago	21	on	watched	also	that	whether	remember	ran	think
around	stay	my	up	73	old	was	talk	i	watch	late	the	had	to	years	elvis	in	mother	true	king	me	let	6	this
but	less	years	he	all	believe	than	passed	4	we	hard	day	this	after	to
and	how	his	forget	my	he	deep	younger	can	was	you	i	these	looks	am	here	etc	him	of	wall	on	to	voice	bedroom	ever	surpass	always	an	elvis	when	posters	singers	wonderful	remember	days	in	tuning	videos	oldie	a	all	good
my	times	i	changed	oh	have	before	to	listening	local	booth	it	remember	in	our	a	all	chemist	this	at	bought
only	brings	a	happy	when	heard	it	back	was	i	memories	this	at	schoolboy
play	radio	and	takes	presidents	who	25	just	old	heard	list	played	rock	band	i	golden	for	net	was	reflection	singing	the	called	so	1965	trend	miming	included	had	got	june	on	has	to	we	made	video	might	lost	knows	years	53	when	released	back	it	music	together	hello	that	decca	fun	60	days	our	in	gets	2018	a	all	romance	me	great	good	this	78	recording
a	time	it	was	great
where	hurry	my	he	such	times	just	used	some	played	was	i	become	the	hear	called	group	tv	never	him	of	kings	we	teen	on	6pm	to	teenage	local	from	channels	school	going	what	back	star	went	would	remember	dances	they	sing	our	in	home	with	even	were	a	one	then	great	think	those	life	at	big	did
and	again	my	the	mum	brings	do	ago	start	rip	to	voice	listening	ever	dad	your	years	her	back	it	memories	get	31	died	lovely	greatest	today	good
play	every	favorite	times	used	was	the	happy	we	on	to	stereo	orbison	our	gram	christmas	lps	blue	roy	angel
play	everywhere	16	and	about	only	his	my	he	little	lot	favorite	used	was	cute	singing	yeh	brings	so	song	2	to	is	orbison	lonely	when	back	cousin	memories	go	a	haha	roy	dum	this	aunt
my	he	visited	ya	old	some	i	for	took	mom	have	him	got	of	pictures	when	concert	a
brother	few	my	who	whenever	bro	i	thats	the	memory	hear	have	though	of	is	cat	an	awesome	music	stevens	with	died	a	greatest	roy	think	those
dad	always	my	reminds	me	him	of	god	bless
and	my	times	if	i	these	50	live	the	of	best	not	rubbish	are	songs	now	memories	60	days	with	one	all	most
and	nostalgia	beautiful	so
my	grandparents	of	memories	this	to	listening	fantastic
and	a	little	song	when	lot	it	was	listened	i	loved	this	thanks	girl
wore	album	boyfriend	voice	my	such	a	first	loosing	out	i	this	after
interview	be	if	he	sang	impossible	i	told	because	have	ago	why	nobody	never	him	person	had	like	to	is	something	young	an	someone	asked	it	that	would	remember	said	with	probably	developed	a	learned	decades	roy	could	tell	different	did
play	every	and	growing	his	came	my	he	sang	such	front	few	times	1988	heard	up	was	you	i	after	father	the	weeks	mum	enough	but	hear	have	appreciation	lucky	him	uk	has	to	not	thank	see	november	since	when	pin	she	music	went	row	unfortunatley	said	in	been	away	a	all	time	passed	drop	seats	roy	could	able
and	again	be	lot	these	live	the	past	hear	took	treasure	well	of	like	revisit	to	is	through	video	what	songs	quality	years	back	done	singers	superb	thanks	fantastic	many	a	me	great	this	youtube	able
and	how	be	who	up	old	can	over	i	which	perfection	the	charts	well	song	grows	never	able	by	to	not	love	also	impeccable	when	unforgettable	music	artist	remember	crossed	a	record	happened	shot	pop	pure	this	sung	country	technically	anyone
many	love	takes	oldies	years	ago	me	back	music	these	country
love	reminds	my	party	old	me	it	music	of	grannys	days
raleigh	and	about	i	anything	the	but	as	song	never	nc	from	thought	kid	what	loved	in	a	top	great	this	lou
and	be	my	favorite	until	little	just	playing	over	you	i	was	bursting	at	the	do	as	house	have	so	why	happy	gave	heart	of	them	on	honey	to	girl	love	always	songs	she	music	hello	day	will	take	walls	remember	said	home	grandmom	one	all	a	time	me	this	45s	country
girl	a	hearing	little	song	when	first	can	was	i	remember	country
the	thought	end	yes	old	never	we	good	they	days
and	my	favorite	doing	was	i	please	song	of	to	kid	love	during	when	soulful	help	sing	sweet	one	a	me	1985	great	this	country	86
with	reminds	years	my	ago	parents	lovely	when	times	me	was	of	i	holiday	on
lots	still	was	i	for	the	brings	song	navy	of	words	when	back	memories	in	today	me	apply	this
as	a	song	thank	you	i	child	this	remember
roll	up	still	rock	was	i	but	teenager	on	like	hall	n	town	songs	loved	grew	with	party	a	then	this
the	and	growing	opry	during	ole	up	1950s	music	i	1960s	to	listening	remember	grand
and	forward	least	was	these	late	singing	live	at	the	on	to	not	70	look	started	lip	that	entertainment	60	in	were	our	weekends	this
remembering	were	young	when	we
radio	and	my	just	you	at	the	on	thank	wow	it	that	remember	jukebox	all	time	great	girlfriends
the	love	young	song	when	very	it	was	i	remember	from
brings	such	a	song	back	great	memories
young	away	my	yes	oh	ya	back	from	days
and	my	a	song	mama	used	over	of	memories	good	to	sing
unknown	and	hank	his	disc	who	he	1979	heard	was	i	for	rare	postings	singin	wrote	dec	the	here	have	store	next	by	on	is	an	when	first	asked	thanks	remember	in	name	lp	paper	pickwick	a	barmaid	very	label	this	bought
the	kind	brought	a	ago	very	time	me	music	of	country	long	that	this	to	is
ever	and	hank	since	have	locklin	beautiful	him	i	memories	loved	great	you	thank
my	he	old	was	i	chair	clipy	as	song	use	sleep	to	love	an	that	would	rocking	sing	in	go	daddy	me	clack	this
my	just	younger	heard	unbelievable	you	i	for	the	hear	so	to	thank	much	songs	first	that	days	in	a	time	me	yokel	getting
figure	old	being	was	i	fed	kid	love	now	when	it	music	force	remember	go	a	this	country
takes	few	a	years	me	back
omg	and	dad	reminds	my	mom	me	of	this
my	old	tears	i	gold	gives	as	song	we	is	love	eyes	grew	days	in	with	recall	me	those	this
be	my	yes	i	am	weeks	but	hood	remind	57	on	to	not	years	an	music	will	in	into	me	really	child	this	country
admit	come	you	brings	know	song	on	love	your	now	eyes	it	back	memories	that	makes	this	water
and	again	my	no	reason	than	played	was	rock	i	for	singing	the	hillbilly	or	calling	parents	song	other	like	are	love	now	when	it	music	they	whatever	find	a	all	myself	time	grandparents	hate	child	this	country	wish
and	white	i	these	you	for	saturday	sure	seeing	do	miss	tv	on	thank	sharing	much	it	artists	our	black	very	night	great
play	only	and	around	records	up	still	used	unbelievable	i	delivered	these	the	song	2	well	singer	heads	to	voice	is	are	dad	thumbs	songs	ring	music	minutes	remember	message	in	our	lovely
dancing	bed	and	his	my	still	feel	some	sick	you	i	for	am	as	miss	him	place	to	from	dad	imagine	would	sing	even	in	with	a	me	beautiful	child	this
play	dancing	and	my	such	stories	i	brings	mom	song	like	to	dad	t	back	music	memories	remember	they	many	don	today	lt	sad	great	this
dancing	only	and	posting	my	watching	was	you	i	for	am	at	parents	song	has	to	thank	love	now	55	remember	mother	a	passed	wedding	this
my	childhood	reminiscing	days
and	my	you	i	for	the	skate	memory	mom	ago	song	roller	10	on	to	thank	70	years	memories	in	away	learned	passed	august	great	this	30th
lovely	childhood	such	memories	from
and	my	everyday	was	i	at	happiness	song	of	teen	good	love	dad	when	music	memories	days	a	family	this
and	my	for	mum	miss	ago	2	him	of	much	dad	always	reminds	years	62	married	very	passed	me
and	few	times	who	these	the	mum	have	of	friends	drinks	dad	reminds	songs	back	loved	would	day	togethers	in	get	a	me	family	great
school	reminds	dance	definitely	me	of
about	last	i	waltz	club	at	engelbert	the	ago	remind	song	by	listening	always	when	40yrs	a	me	night	beautiful	this	so
my	these	i	the	brings	kind	childhood	have	miss	of	to	love	grandpa	always	songs	back	grandma	memories	ol	makes	me	good
the	mum	dad	his	records	happy	radiogram	when	playing	music	was	loved	memories	on
but	and	brings	love	a	lot	song	still	back	some	beautiful	i	memories	good	this	bad
last	until	my	still	waltz	the	lingers	but	childhood	must	song	on	to	end	forever	it	mind	listen	in	nice	dance	should	great
play	how	my	seven	old	used	you	i	at	the	as	lyrics	song	of	understand	to	strange	much	reminds	years	it	they	listen	s	grandparents	me	this
dancing	are	do	sweet	my	still	grandparents	wherever	hope	of	i	memories	they
play	my	played	was	i	out	at	liked	the	as	song	got	person	we	of	to	church	much	charge	it	went	remember	in	wedding	this	so
aunts	and	around	my	receptions	old	twirling	i	late	man	the	mid	song	of	to	end	70	uncles	reminds	older	in	dance	me	wedding	this	floor	at
humperdinck	love	songs	childhood	back	you	memories	bring	thank	engelbert
played	waltz	instructions	as	us	song	we	on	has	to	school	teacher	when	taking	back	memories	would	student	gramophone	our	with	a	dance	me	griffiths	beautiful	primary	shouting	this	at	mrs	1968
already	and	last	how	his	saying	my	he	played	was	can	i	you	ca	the	because	miss	song	him	thing	to	danced	best	high	school	much	dad	love	during	always	papa	lend	when	first	that	memories	remember	in	our	even	with	daughter	hand	dance	hold	remained	me	happened	night	this	so	hands	hug
my	the	boyfriend	theme	song	70	memories	yahooo	s	in	sentimental	with	very	good
and	my	such	little	used	playing	was	i	happiest	innocence	the	mum	happy	remind	song	of	we	on	to	pal	always	waltzers	bus	when	her	went	trip	loved	will	days	with	go	a	fairground	me	largs	1960s	this	life
the	and	song	beautiful	great	of	memories	late	60
reminds	my	song	me	of	this
remembering	the	love	song	old	good	this	days
radio	takes	my	up	playing	was	below	sun	sunset	kitchen	to	bedroom	from	always	back	that	mother	sweet	then	me	life
the	with	friend	my	old	was	i	day	remember
and	people	british	legion	club	the	happy	song	1970	reminds	tranent	loved	o	days	me	this
last	my	such	anniversary	their	parents	song	to	danced	diamond	forever	weekend	memories	that	60th	will	a	wedding	beautiful	this	at
exact	in	record	i	memories	good	this	to	danced
play	and	my	he	4	used	you	i	hear	miss	ago	so	song	him	of	to	much	dad	reminds	years	when	it	died	very	me	this
song	beautiful	nostalgic
and	brings	miss	happy	song	before	mant	always	her	back	memories	wonderful	our	daughter	died	a	beautiful	2016	so
were	ever	brings	young	what	so	tastefully	song	marvelous	it	back	we	memories
where	amazing	up	just	was	you	i	these	for	the	memory	grow	lucky	fell	to	listening	era	love	music	thanks	wonderful	in	all	so
little	just	playing	was	i	for	anymore	the	past	house	song	them	like	is	from	t	when	it	remember	they	make	in	our	a	don	very	me	blast	this
until	years	my	favorite	now	so	15	when	old	was	i	20	this	am	is	far
remembering	dancing	my	room	april	mom	11	song	15	living	june	to	jensen	2009	in	our	this
dad	always	my	song	remembered	2019	i	that	this	anyone	sing
jones	my	up	gospel	was	i	the	sinatra	presley	as	house	of	frank	love	also	elvis	passion	grandma	music	grew	our	with	mother	a	all	time	tom	blasting	child	this	full
about	his	my	who	was	another	girlfriend	because	as	ago	song	him	left	is	kid	dad	find	a	guy	one	then	me	sad	this
only	and	old	was	i	singing	song	girl	to	thought	kid	young	yrs	when	it	she	remember	a	6	this
everytime	love	his	reminds	my	granddad	me	of	phenomenal	voice
every	mother	what	my	a	this	song	sunday	played	i	wonderful	has	remember
kid	1977	always	reminding	a	song	when	me	really	was	i	this	like
be	if	my	favorite	careful	you	i	anytime	because	hear	miss	song	is	always	it	music	remember	daddy	this
and	up	was	i	engelbert	glad	song	high	school	when	released	it	music	loved	that	grew	in	real	with	this	so	1968
loves	my	he	i	father	so	next	song	hang	of	on	omg	much	there	reminds	year	home	daddy	philippines	me	coming	this
my	heard	was	i	am	but	grandfather	heaven	song	him	of	20	is	from	grandpa	reminds	now	when	in	a	me	child	this
where	people	who	rewind	feel	you	i	the	never	had	place	to	something	missed	love	it	listened	make	tried	great	wish
are	but	and	uncles	only	flashback	my	all	2019	of	memories	gone	remains	july
every	my	law	you	i	for	father	cause	the	here	know	miss	happy	bottom	heart	him	of	we	to	from	papa	always	now	music	thanks	will	remember	in	our	everything	with	right	creator	time	this	so	granddaughter
in	every	many	and	song	memories	so	each
album	play	humperdinck	my	childhood	list	is	engelbert
play	while	closing	just	can	these	after	the	but	brings	yesterday	nothing	have	us	of	we	them	to	are	lost	your	songs	eyes	forever	back	relive	memories	help	days	remove	those
in	pops	2018	miss	my	childhood	song	i	this	like	someone
self	own	as	if	one	song	stirs	written	beautiful	memories	for
radio	and	my	can	was	am	the	or	as	song	heart	person	place	way	on	special	to	is	better	your	now	when	it	back	relive	day	make	fantastic	in	go	a	then	time	sounds	so	did
lonely	with	partner	be	sweet	a	so	someone	back	it	sin	memories	to	bring	voice	please
1975	love	what	a	song	me	back	it	of	memories	take
amazing	growing	takes	again	up	deep	heard	was	you	i	come	for	the	mid	past	buried	have	suddenly	song	transport	power	of	like	to	seventies	wow	from	something	your	years	when	back	it	memories	mind	in	real	surface	a	time	me	blast	this
amazing	every	and	how	my	such	yet	damn	feel	was	i	out	for	but	reminding	parents	happy	have	song	gave	secure	like	good	is	wow	sharing	young	what	when	back	thanks	that	memories	felt	remember	makes	everything	in	world	then	should	me	child	its	this
right	there	my	childhood	thats
about	omg	memory	how	to	be	a	age	never	talk	down	trip	fantastic	replaced	take	lane
posting	am	teary	childhood	such	a	almost	lovely	happy	song	for	i	memories	thanks	vivid
takes	my	favorite	was	band	i	tune	the	though	by	magic	to	70	back	catchy	track	right	me	great	think	this
with	and	uploading	for	my	childhood	ago	time	sisters	long	thanks	memories	brothers	good	remember
takes	my	younger	just	do	song	like	to	from	songs	nowadays	back	thanks	make	days	a	pilot	classic	me	this
and	again	be	few	times	these	i	for	happier	miss	of	by	to	look	there	back	gone	dream	a	moments	great
and	themselves	than	feel	can	musical	knew	you	for	looks	the	never	offerings	by	to	thank	modern	kids	when	fore	back	music	nostalgic	that	day	they	real	pale	realize	more	bringing	a	today	time	comparison	so	youtube	mattered
twenty	wishing	again	my	front	just	old	closing	was	i	for	spend	the	evokes	of	future	on	is	years	now	memories	wonderful	days	in	with	all	time	me	those	life
but	m	again	suddenly	a	teenager	i
dairy	and	stay	london	his	how	doing	25	drivers	up	lot	old	used	afterwards	attractive	was	i	mobile	for	disco	especially	these	at	the	west	called	as	pack	attendance	song	other	enjoyed	him	of	john	we	had	worked	has	to	parties	b	young	drive	years	sloop	it	fork	memories	take	set	will	help	equipment	in	lift	ran	with	various	turn	a	one	away	very	lovely	me	ladies	great	this	driver	truck
the	ever	many	my	record	first	thanks	memories	for
70s	was	middle	emotional	the	as	of	simpler	songs	it	makes	in	a	pilot	time	drop	me	child
go	back	could	i	those	to	wish	days
southam	pleasure	brought	my	glad	it	back	thanks	i	memories	am
many	brings	for	my	birthday	record	this	first	back	i	memories	sister	buying	so	remember
49	still	was	i	for	am	as	ago	song	from	young	love	years	now	it	thanks	remember	uploading	all	very	then	those	this	did
brings	songs	my	childhood	pilot	part	me	beautiful	of	thanks	these	memories	to	is
love	reminds	my	childhood	me	of	tune	this
grace	ever	hear	always	my	remind	song	when	me	her	of	great	this	aunt
where	amazing	and	no	walsh	clich	song	of	anthony	is	memories	time	concerned	beautiful	this	full
play	romantic	my	who	months	early	rock	i	undergraduate	ca	woman	the	platform	but	do	know	though	why	caught	of	had	by	on	girl	any	look	young	also	reminds	an	when	it	back	loved	incurable	days	even	get	realize	more	a	then	eye	me	later	think	vividly	motown	12	issue	different
mary	his	if	my	he	old	else	was	you	another	man	or	marry	ago	song	21	dated	naver	on	has	is	not	ever	love	dad	years	cheated	she	married	30	name	mother	14	passed	me	let	thornwell	anyone	this	wait
and	his	karaoke	my	sang	he	just	hi	captivating	used	was	i	am	20s	but	mid	mum	do	holgmany	house	so	song	on	like	to	parties	from	rest	dad	years	when	new	her	62	soul	it	god	remember	could	this	at	wish
romantic	and	around	my	just	ruby	used	was	i	sadly	the	as	of	to	drinking	left	both	from	aged	missed	murray	too	an	when	belfast	she	smoking	same	incurable	sing	in	1997	victim	world	mother	died	australia	a	time	sydney	child	this	soon
and	brother	my	ruby	was	you	ago	innocent	much	simpler	years	when	older	she	bless	more	all	those	life	so	heartthrob
and	stay	his	my	favorite	this	used	sunday	heard	room	was	you	played	another	out	bond	version	nights	the	have	ted	of	we	barrack	him	on	to	from	are	there	when	that	they	listen	in	said	one	should	top	tooting	fellows	awake
radio	and	his	old	i	60yrs	mum	ago	on	voice	dad	masters	fast	an	putting	remember	days	go	gram	moments	time	great	this	magical	so
but	13	died	my	favorite	song	when	was	i	mums	this
keen	sure	wow	brings	years	a	old	back	76	some	great	aussie	memories	fan	mad	from
looked	and	young	my	mom	when	her	was	i	loved	listen	like	to	sounded	sing
walter	basco	and	brother	his	my	sang	grade	once	nickname	still	some	was	knew	i	maddox	students	for	their	spelt	the	but	graduated	happy	song	other	58	of	on	like	beginning	to	is	teenage	has	skipper	from	going	much	young	years	now	when	ginny	it	older	back	together	along	8th	virginia	in	name	with	fellow	havu	been	very	then	me	ginnie	skip	this	1950
growing	teresa	be	my	hearing	up	just	was	i	the	but	do	mom	house	song	use	of	like	to	voice	sounded	when	cleaning	her	she	would	remember	sing	brewer	with	a	really	beautiful	this
love	page	reminds	my	me	it	of	patti	i	father
where	and	still	old	was	out	i	the	off	im	now	first	it	remember	days	reach	record	72	those	good	bought
last	how	my	still	playing	was	these	of	them	like	made	75	songs	now	will	many	youth	todays
and	named	teresa	my	he	was	i	for	after	am	father	kinda	so	partial	to	voice	fan	sharing	much	songs	her	thanks	loved	brewer	a	me	lady	great	big
amazing	still	wide	can	playing	least	you	i	for	after	at	the	log	but	whole	hear	do	heaven	us	singer	place	darling	on	to	voice	thank	are	your	wonderful	in	were	with	world	billy	jillian	a	great	most	this	so	youtube	week	wish
and	hearing	feel	i	for	eckstine	song	melancholy	of	voice	what	nostalgic	memories	sing	warm	billy	a	me	this	so	full
and	my	still	after	eckstine	of	uk	to	wife	see	love	wales	years	met	cardiff	together	went	concert	in	billy	sixty
are	posting	made	share	you	superb	memories	for	this	of	gem	thank
takes	my	years	me	back	of	teen
tour	only	and	be	my	he	if	beach	still	early	was	room	i	golden	live	the	took	boy	parents	him	of	had	long	on	best	voice	to	sounded	eckstein	see	young	island	now	when	lido	in	were	with	billy	a	very	then	bet	1950s	me	sounds	great	alive	standing
mr	kyrill	old	i	club	at	the	bye	use	to	b	impersonate	back	50s	morgan	trinant	days	in	good
and	takes	my	used	some	these	the	song	singer	of	to	songs	back	nostalgic	50s	sing	lovely	a	very	me	family
radio	boone	came	can	was	i	the	hear	clearly	hilarious	on	voice	from	danial	now	when	first	it	along	ed	door	remember	green	oddly
boone	until	my	daniel	playing	was	i	ames	born	the	series	song	well	connect	on	to	much	dad	mingo	when	it	she	ed	would	remember	sing	in	quite	character	niece	later	this	did
and	around	how	my	months	stumbled	used	was	i	for	born	the	but	memory	do	know	house	song	1989	on	to	when	first	her	it	wonderful	sing	in	daughter	sweet	dance	hold	a	precious	this
show	his	manhood	almost	was	i	ames	the	johnny	hilarious	on	lost	when	it	ed	remember	carson
play	my	this	being	was	i	for	the	head	song	through	always	since	it	stuck	loved	would	2002	generations	in	grandparents	me	passed	3
my	sang	born	grandfather	as	lyrics	to	in	clever	a	voices	me	beautiful	child	this
my	just	used	heard	was	you	i	for	the	song	actually	of	to	is	thank	video	chorus	ever	sharing	dad	step	when	first	she	baby	sing	daughter	a	haha	time	this	whole
in	the	memory	songs	my	one	first	of	literally	born
only	and	my	yes	little	old	filtered	was	subconscious	i	fifty	parts	or	have	three	song	of	had	down	has	to	is	since	years	now	comes	back	nine	wonderful	brain	flooding	days	in	into	been	grandsons	a	me	embedded	beautiful	later	2015	this	so	granddaughter
adore	and	beloved	my	times	who	he	still	used	was	i	for	father	the	brings	heaven	listens	thousand	song	kisses	to	is	not	from	high	years	when	it	back	above	baby	26	remember	listen	our	with	daddy	a	me	this
and	reminder	a	times	beautiful	of	sincere	safer	happier
play	and	again	no	was	i	50	computer	sit	at	the	have	well	song	we	from	ever	what	it	60	a	one	today	time	then	great	experience	did
and	such	female	the	sixties	lyrics	as	fifties	of	voice	covey	back	singers	they	in	sweet	a	today	could	emotion	wish	did
my	sang	was	i	for	born	entirety	mum	hear	as	song	to	it	wonderful	in	a	lullaby	me	beautiful	its	this	so
every	mum	and	much	dad	reminds	my	who	miss	just	me	of	i	day	so
radio	army	be	join	turned	just	playing	was	another	i	out	for	17	the	but	memory	morning	of	on	to	left	exact	story	years	first	it	that	home	a	record	time	really	at
and	named	jimmy	came	my	sang	until	steady	he	heard	was	i	out	for	boy	have	song	never	had	sister	to	sharing	ever	fortunately	kid	going	always	since	started	when	it	older	goodbye	thanks	married	they	were	with	raised	away	a	children	passed	say	later	two	this
23	name	jimmy	stopped	died	brother	his	my	age	never	back	was	hearts	we	him	crying	want
tyke	and	jimmy	brother	his	while	my	sang	little	he	such	nickname	heard	was	i	for	happier	upbeat	the	as	boy	nicknamed	so	song	got	had	long	to	sharing	much	too	always	since	an	when	it	thanks	that	felt	far	billy	mother	been	a	one	lullaby	me	sad	this
and	my	tears	i	for	tune	million	the	girls	miss	have	song	hurts	thinking	of	them	to	listening	not	danced	terribly	years	eyes	it	thanks	god	that	many	with	uploading	been	brought	a	all	beautiful	this
my	seven	still	old	heard	can	was	i	for	after	fifty	mangle	the	mum	washing	have	ago	us	of	by	94	to	not	through	look	see	there	going	strong	since	years	her	it	she	bless	year	putting	8	s	hand	dry	this
my	played	was	i	because	sister	to	made	thought	cry	when	it	she	funny	a	me	child	this
play	my	little	just	used	was	i	song	sister	to	girl	see	cry	when	older	a	me	this
again	my	still	4	over	i	july	but	miss	had	left	see	years	her	she	friend	could	good	wish
may	jimmy	again	my	he	still	try	over	i	but	as	miss	have	though	well	him	10	on	see	years	gone	even	with	get	died	been	badly	could	life	wish
posting	again	was	you	i	for	song	wanting	appeared	had	to	thank	much	when	it	13	been	lovely	very	enjoy	this	so
the	in	with	reminds	lovely	usa	me	days
shows	miss	tv	it	was	beautiful	i	watch	that	on	to	voice	remember
the	lovely	dickie	a	still	remembered	1950s	singer	valentine	good	memories	is	from
the	in	50s	again	times	good	song	singer	nostalgia	great	for	listening
where	silk	writing	my	favorite	no	period	asset	was	you	crooner	sadly	their	earned	the	corn	as	dickie	writers	singer	rip	of	like	to	voice	words	are	microphones	missed	what	an	entertainer	when	music	that	make	they	were	lovely	a	guy	all	today	consider	great	good	this	near
germany	happy	munster	memories	6rtr
and	absolutely	be	whenever	feel	forgotten	i	the	past	hear	song	never	of	voice	ford	ernie	it	that	makes	lovely	should	me	beautiful	this
brings	me	brilliant	memories	this	to
play	post	my	such	used	song	of	like	to	reminds	she	thanks	mother	a	me	beautiful	crazy	great	this
every	radio	germany	and	army	hit	while	played	luxembourg	seventh	the	afn	stuttgart	us	uk	on	in	with	night	great	most
brings	happy	when	younger	back	was	i	memories
posting	and	my	sang	he	i	for	write	man	ca	singing	oh	mom	as	long	on	to	is	dad	always	believe	gone	thanks	loved	me	this	life	crying
my	favorite	who	was	i	am	copy	the	but	here	have	song	fifties	of	got	way	on	to	found	always	it	back	thanks	in	pleased	mine	a	put	this	broken	so	youtube
high	school	wonderful	reminds	my	song	age	me	of	this	days
every	dad	my	parents	miss	song	morning	played	you	i	this	saturday
every	my	used	sunday	i	hear	kind	miss	mom	song	morning	of	to	much	when	she	listen	beautiful	this	so
in	16	yrs	my	1963	song	old	youth	was	great	i
people	i	these	do	know	must	we	are	what	missing	back	bring	they	sing	all	could	wish
clasmate	years	my	9	song	when	old	first	heard	was	i	this	danilo	from
and	such	hearing	records	emotions	old	early	was	you	i	50	late	brenda	10	like	to	voice	thank	her	back	year	wonderful	60	with	turn	a	time	dear	this
holds	1963	still	heard	numerous	i	for	the	bye	have	way	by	missed	strong	first	time	decades	this	boat
and	how	old	i	the	performing	we	them	to	see	songs	during	listen	days	meaningful	many	lovely	time	could	so	wish
the	end	world	song	nostalgia	beautiful	of
in	brenda	pretty	with	voice	years	such	a	1963	very	old	well	lee	was	i	12	remember
beautifully	what	songs	a	song	back	classical	these	bring	hauntingly
the	every	in	and	melody	hearing	time	back	beautiful	you	tune	this	so	sends
and	such	old	was	i	for	sure	but	or	11	tv	red	booming	by	10	on	gal	voice	not	young	what	foley	years	first	her	she	year	that	remember	a	introduction
only	how	oh	time	4	was	i	flies	wow
issues	be	my	no	backwards	being	played	i	tune	exchange	for	their	enriched	anything	terrific	the	lives	childhood	wise	matter	of	by	teen	garbage	to	not	era	going	currently	forwards	kids	back	music	fact	previous	would	in	with	this	goes
in	high	school	a	song	1963	back	sad	was	senior	i
in	explosion	13	and	a	1963	was	music	i	happening
until	up	i	skeeter	version	brenda	know	song	of	had	to	listening	it	soul	exposed	grew	a	this	davis	did
brenda	crush	my	childhood	years	than	first	me	lee	older	she	two	is	lol
only	and	again	my	old	some	played	was	i	out	the	song	sister	10	chart	found	to	years	when	sisters	her	it	back	god	bless	take	in	time	me	sad	later	this	big
and	everlasting	my	greetings	ireland	youth	music	of	brilliant	great	artist	from
the	to	do	again	time	first	heard	i	skeerter	this	davis	remember
radio	played	i	the	broke	sixties	song	2006	down	on	left	from	when	she	in	a	me	this
every	lots	ends	little	used	nostalgia	being	was	i	for	meant	guess	song	of	to	not	what	when	it	that	day	suppose	listen	world	toddler	knowing	human	this	literally	reasons	someone
and	growing	my	up	early	i	the	because	took	miss	have	of	we	sister	to	from	much	young	reminds	when	her	loved	cancer	were	away	passed	me	beautiful	lord	this	so
many	with	much	a	so	song	thank	beautiful	great	you	memories	this	is	video
the	bring	radio	wonderful	on	thankful	miss	back	music	memories	for	this	like	to	listening	youtube
only	and	if	still	you	i	50	gail	apart	after	the	miss	drifted	ago	so	we	to	listening	much	love	years	back	clock	turn	could	this
and	hit	up	i	grow	never	them	on	film	it	that	make	they	with	all	knowing	passed	me	stars	sad	those	so
radio	and	my	lived	still	i	am	the	childhood	have	why	of	we	on	to	listening	is	asking	station	70	better	what	now	it	2019	memories	in	world	seirus	been	bringing	a	really	which
remembering	the	and	november	70s	songs	childhood	a	take	me	really	back	of	these	listening	60s
and	takes	my	mesmerizes	some	another	nostalgias	but	do	kind	know	song	of	has	to	word	spell	soul	that	me	this	magical	dreams
and	my	just	used	these	for	late	us	of	sister	to	are	lonely	love	reminds	songs	her	it	she	fav	memories	a	me
dad	my	i	this	remember	singing
in	16	my	cry	me	it	youth	was	i	for	makes
adore	song	i	nostalgic
every	where	and	my	1963	graduation	senior	was	i	for	state	accident	shoot	brenda	the	grandfather	63	well	singer	never	of	got	we	basketball	girl	bad	high	ever	school	champs	lost	small	also	songs	since	devistating	an	she	that	year	in	died	president	junior	a	friend	kennedy	very	part	second	avery	me	dear	night	great	good	big
every	may	and	sang	just	understood	knew	i	but	have	sleep	to	word	absorbed	it	been	6	this
old	was	you	i	am	liked	the	enough	song	of	understand	to	thank	young	now	when	music	meaning	that
takes	be	my	just	stumbled	heard	cement	was	i	version	the	but	song	hardened	across	of	long	has	best	always	since	when	back	will	world	with	a	wet	me	really	great	child	this	so
and	came	my	lunch	no	1963	barber	for	snowy	haircut	saturday	50	cents	shop	ca	the	tip	paid	morning	of	we	on	like	there	dad	during	back	plus	went	sitting	in	home	go	waiting	sounds	winter
the	and	to	young	love	tara	when	first	heard	it	dedicated	music	was	i	you	this	is
and	lovely	sweet	nostalgia	sad	pictures
omg	please	early	back	come	60
play	and	car	my	he	still	was	i	grandfather	heaven	11	him	2014	of	way	reminds	now	when	back	music	would	in	our	me	this
56	with	much	during	years	memories	this	so
play	and	brother	my	9	old	was	i	song	to	elder	always	years	when	it	fantastic	listen	popular	then	this
the	play	real	old	of	child	good	angst	life	to	challenges	teenage	days
every	my	old	was	i	mum	miss	parents	song	dad	years	55	age	loved	day	they	died	witch	71	this
13	years	song	when	old	was	i	this	remember
and	generation	my	i	for	the	hear	moms	head	as	mom	song	of	living	on	cruise	from	love	dad	reminds	always	now	back	goes	they	everything	were	in	then	passed	me	this	dances	did
my	grade	4	was	you	i	for	after	man	the	kind	oh	shortly	song	hope	to	moved	love	maggie	first	in	th	away	this	life
only	34	and	car	came	others	old	was	i	these	the	but	hear	brings	oldies	song	had	im	like	best	station	are	love	songs	years	it	back	memories	that	would	in	a	good	this
the	back	bring	time
tattoos	and	70s	no	just	park	rock	tenderness	spend	bodies	piercings	the	bouncers	or	hear	do	know	childhood	have	other	of	refreshing	80s	we	to	parties	is	drugs	from	60s	are	high	school	there	love	money	songs	your	missing	police	summer	mutilate	it	music	wonderful	they	each	in	were	favourite	with	girl	respected	ourselves	our	a	today	youth	night	great	so	dances	did
came	who	feel	i	the	ooh	never	got	pain	of	school	reminded	back	same	days	sweet	all	me	anybody	those	did
and	my	playing	over	i	boyfriend	kept	song	him	of	stole	them	on	best	both	from	shame	reminds	first	friend	away	me	this
and	childhood	my	song	beautiful	woman	from
and	windows	came	my	still	just	old	heard	was	i	out	the	or	hear	do	have	hoping	song	never	by	like	money	to	not	visit	from	looking	sharing	boarding	school	years	now	when	comes	she	due	thirteen	that	day	felt	mind	in	mother	a	children	choice	this	grandchildren	nor
the	sure	but	bring	go	song	old	can	back	never	you	good	this	to	days
the	loss	brings	my	song	emotions	first	back	being	of	by	dumped	is	full	girlfriend
the	hit	my	childhood	very	first	top	i	40	remember	from
many	happy	evokes	thanks	memories
miss	yes	old	i	those	memories
already	francis	and	my	this	others	used	knew	i	at	the	parents	us	ageless	song	of	we	to	connie	love	songs	age	artists	taught	sing	many	13	appreciate	beautiful	great	1960
high	school	young	as	what	boy	ago	it	was	long	i	remember
every	people	women	knew	was	i	for	movies	the	men	pity	changed	as	must	glad	wise	well	history	we	had	of	word	is	there	during	an	when	music	youngster	humanity	handsome	in	were	with	a	time	human	say	beautiful	most	gorgeous	this	worse	so
and	my	who	i	the	ones	oldies	parents	song	heart	of	best	is	lonely	love	remember	medicine	away	passed
much	nice	moments	marvelous	you	these	for	to	3	so	remember	thank
the	memory	brings	to	what	a	happened	back	music	this	voice	wow
may	and	was	you	i	brenda	happy	singer	better	now	marvelous	when	thanks	bless	god	memories	make	days	a	me	lee	great	those	child	life
again	my	favorite	old	feel	for	million	them	best	are	love	young	songs	thanks	makes	all	today	me	those
my	sounds	it	heart	beautiful	nostalgic	to	voice
radio	and	came	heard	i	these	ca	the	have	song	before	never	on	missed	years	instantly	believe	it	loved	all	today	me	forgive	this
missed	young	when	was	i
brings	u	miss	back	ate	memories
and	my	he	little	just	some	was	come	father	boy	here	ago	song	l	not	always	years	when	memories	in	find	with	a	really	this
even	in	what	2018	a	moments	song	marvelous	beautiful	3	thanks	these	for	to	remember
remembering	sironaca	and	again	for	song	3	we	like	to	thanks	listen	in	2018	time	passed	dear	great	good	this
about	memory	now	a	forgot	i	that
the	only	and	a	singer	teenager	was	she	i	cared	that	to	listen
were	bringing	happy	back	memories	wonderful	they	days
and	still	heard	was	i	am	the	but	so	song	67	much	young	love	always	years	mean	when	it	older	loved	they	all	this
56	my	old	was	over	i	17	singing	the	korea	here	lyrics	ago	song	speakers	to	through	from	memorize	friends	town	going	songs	years	now	when	it	along	sing	in	1962	with	popular	all	this
every	radio	and	performed	alabama	performance	my	records	1963	little	old	japanese	else	everyday	was	just	i	mobile	state	played	after	at	anything	brenda	the	single	stayed	greater	cent	so	transistor	fair	got	of	sleep	case	on	to	buy	gulf	love	songs	years	her	went	that	in	with	minute	meet	one	allowance	earplug	lee	night	could	think	earnings	12
and	1963	early	used	was	i	out	snowy	for	the	off	upper	have	us	song	hope	of	south	had	on	to	listening	school	when	it	snow	days	in	right	get	lovely	a	dates	very	doze	winter	really	this
simpler	nice	them	times	back	music	catchy	tune	bring
brings	awesome	back	memories
romantic	and	around	my	old	early	was	i	for	at	the	song	15	of	sister	to	danced	love	reminds	years	that	days	in	philippines	party	a	14	part	time	me	really	dancers	most	think	this	contest
the	but	years	my	childhood	passed	by	memories	stays	same
everyone	are	love	always	of	these	memories	made
70	reminds	my	childhood	reason	robbie	song	tune	me	some	of	great	for	this	benson	from
brought	song	sears	back	some	great	thanks	this	wow	days
how	oh	miss	times	i	them	simple
and	about	peers	old	you	worry	the	song	like	not	from	your	when	social	days	a	could	backlash	good
play	and	my	4	old	used	was	i	english	the	because	oh	know	though	song	like	to	dad	years	when	first	age	it	that	remember	even	learned	this	at	did
in	the	germany	with	usaf	70	during	early	stationed	flood	mind	this	does	memories	wow
brought	sweet	a	song	tv	commercial	me	when	was	i	child	memories	this	to	remember
with	love	rides	reminds	an	sunday	it	me	of	ex
brings	my	a	childhood	song	back	great	memories	this	is	from
cupcakes	and	again	mellowed	used	nostalgia	was	i	hot	the	hear	song	other	teenager	of	long	summers	like	has	to	love	reminds	when	it	film	wanted	saw	that	day	in	a	time	although	me	really	this	at	soundtrack	did
classic	another	memories
sears	some	was	over	i	40	the	ago	song	well	like	to	is	words	years	it	back	memories	remember	brought	really	which	this	yesterday
a	song	old	timeless	evokes	you	gone	memories	for	yearn	by	makes	days
and	while	be	hearing	can	some	come	i	for	the	past	ones	as	miss	lives	have	us	song	never	hope	long	however	we	on	is	through	totally	are	lost	there	years	now	new	her	back	she	gone	music	memories	loved	that	day	will	remember	they	in	our	karen	distant	a	all	then	think	this
twenty	forget	my	still	heard	can	another	you	i	was	english	at	the	memory	ago	nearly	never	teenager	deeply	listening	is	town	small	songs	years	first	music	chinese	that	day	remember	in	one	a	time	me	say	two	this
radio	and	my	outside	patio	playing	being	i	am	sun	the	kind	softly	childhood	have	mom	miss	wonder	of	on	backyard	1970	70	young	years	an	stations	music	memories	sitting	in	own	great	this
round	and	there	what	a	times	someone	then	now	back	was	great	band	good	this	like	wish	sound
70s	times	being	i	for	the	as	him	we	kid	knock	awesome	loved	go	cant	a	time	great	at
every	while	my	up	heard	was	i	father	song	morning	woke	to	young	when	memories	mother	a	those	this	sung
friends	with	brings	my	precious	years	back	albums	teen	to	listening
the	about	kid	times	a	little	song	when	still	me	was	great	i	this	remember	makes
and	past	brings	oldies	times	tears
holds	group	up	still	this	music	great	memories	that	wonderful	loved
play	and	aunts	my	was	i	livingroom	the	house	miss	song	we	on	stereo	would	that	in	dance	record	all	really	3
16	but	came	when	incredible	was	i	out	good	this	memories	wow
my	certainly	records	just	out	for	1976	the	but	so	heart	of	to	is	memorable	tracks	love	stand	it	hard	that	year	makes	many	find	one	me	smile	most	this	dances	did
takes	reminds	a	song	me	back	lady	of	way	this	special
70	brings	definitely	back	great	memories
and	my	grade	graduation	i	the	song	of	fell	john	wannamaker	from	high	school	love	now	summer	first	it	9th	loved	year	in	real	with	then	this
and	my	19	old	nostalgia	playing	you	out	or	past	brings	as	sometimes	so	though	remote	passes	of	by	on	through	deck	lonely	love	quickly	camping	older	western	music	it	memories	year	in	north	glimpses	get	fishing	gets	australia	a	twin	this	life	cassette
and	drink	takes	be	people	mobile	the	miss	song	of	has	to	conversation	not	what	seen	summer	when	back	76	loved	fantastic	days	with	right	intro	phone	a	dance	hold	me	really	those	this
and	just	d	job	graduated	college	got	had	from	what	memories	with	dream	a	ibm	great
miracles	music	memories	marvellous	is
love	reminds	my	childhood	sweet	song	me	heart	of	pa	this	chester
every	and	70s	my	times	damn	used	room	i	worry	the	cd	as	have	like	to	danced	not	kid	songs	box	it	back	listened	day	bring	in	world	a	me	good	this
and	get	miss	oldies	hearing	when	i	those	homesick	days
yester	times	i	40	the	idea	brings	merry	as	so	of	had	long	like	to	girl	not	perhaps	much	songs	years	an	it	listened	memories	year	loved	in	many	with	nice	one	a	very	time	me	really	angel	those	good	comparing
every	how	disc	times	old	played	was	i	for	penny	at	the	song	rpm	got	of	to	years	45	when	save	remember	in	many	home	get	14	a	record	don	beautiful	player	this	did
many	years	back	good
many	this	song	beautiful	memories	to	so	listening
my	grade	old	playing	i	riding	man	driving	the	son	way	on	to	school	dad	now	first	music	memories	remember	in	with	good	this
and	car	5	my	beach	just	old	heard	being	was	i	for	am	thats	the	but	or	memory	brings	song	we	by	fell	to	listening	love	years	summer	back	grandma	it	she	day	that	felt	remember	in	were	with	a	me	6	good	this	28	sunny
safety	my	no	records	was	i	disco	at	1976	the	but	off	nearly	minehead	of	thrown	belts	best	aged	love	reminds	summer	when	funfair	it	waltzer	spinning	in	one	a	me	holiday	this
many	and	brings	group	song	back	great	artists	memories	so
18	and	be	whenever	taken	years	just	old	back	i	listen	this	to	want	1976
dancing	takes	my	watching	still	train	was	but	actually	to	not	there	back	soul	it	fun	days	me	this
routine	only	fighter	show	large	his	my	who	little	he	jet	heard	crowd	played	was	i	out	man	at	the	called	as	have	air	song	entire	actually	perform	speakers	behind	flying	we	had	best	to	through	ever	70	angels	there	plane	an	when	new	back	it	went	that	saw	flight	strike	eagle	in	brand	with	a	pilot	one	then	very	time	blue	introduced	this	life
47	brings	its	10	years	now	then	old	me	back	was	i	good	like	so	wow
the	dancing	in	bbc	chicago	great	memories	disco	this	to	at
generation	old	nostalgia	i	the	because	hear	song	to	thank	songs	new	it	make	want	appear	me	really
old	northern	the	mabuhay	greetings	of	good	listening	reminiscing	from	7	2019	days	philippines	part
my	reason	period	some	nostalgia	i	for	am	but	have	before	rip	extreme	20	way	to	listening	in	karen	longing	a	time	this
times	me	back	across	yeas	to	bring
and	last	identical	karaoke	talked	my	if	favorite	doing	touch	still	heard	was	i	carpenter	after	singing	beat	liked	the	or	hear	beautifully	as	have	song	remind	hope	of	we	joy	had	on	to	voice	not	made	from	is	lost	songs	years	swear	cry	when	forever	her	she	that	will	cancer	each	sing	were	karen	in	said	friend	time	me	this	life	close	did
and	how	times	was	i	the	changed	so	had	by	on	has	looking	much	years	seems	back	it	gone	that	makes	in	today	rather	sad	good
ever	memory	my	childhood	best
material	sweet	very	awesome	nostalgic	tune	to	listen
and	freedom	my	people	was	i	for	am	the	boy	song	to	missed	when	grandma	chinese	remember	want	listen	in	with	world	a	all	time	mcdonald	this	country
kid	again	want	be	song	me	this	to	makes
takes	lovely	my	childhood	me	back	memories	to
every	only	about	and	how	be	carefree	old	was	i	am	kept	but	as	song	things	on	to	good	places	reminded	always	cry	forever	it	memories	that	will	makes	listen	days	were	right	time	me	remain	those	its	this	life
and	funner	times	was	i	the	but	miss	we	had	70	less	simpler	better	it	world	a
my	come	memories
young	reminds	song	when	me	was	i	this
and	car	my	tunes	i	these	carpenters	their	riding	singing	the	hear	brings	mom	of	to	songs	when	it	loved	memories	in	with	me	good	so
everything	and	about	brings	my	childhood	parents	song	back	jeez	this	from
in	the	growing	brings	70s	times	up	early	back	memories	good
radio	exactly	my	i	1977	carpenters	the	07	so	on	husband	met	memories	wonderful	in	were	many	nice	today	august
how	times	just	being	was	i	the	so	57	teenager	by	to	looking	fast	now	when	back	makes	a	all	time	passed	me	sad	great	think
only	growing	my	no	19	times	cassettes	nostalgia	playing	was	i	change	the	but	mom	ago	collection	through	tape	b	years	it	remember	more	a	this	keeps	cassette
brings	license	years	cry	ago	song	me	it	back	i	50	this	to
remembering	and	daughter	takes	my	who	happy	song	passed	me	back	beautiful	22nd	2016	to	july	days
and	impossible	who	lot	i	the	memory	29	brings	pay	song	dated	june	to	listening	lane	girl	is	her	it	back	2019	taught	owed	a	today	me	this
my	mom	this	me	used	beautiful	nostalgic	for	to	so	sing
times	played	29th	of	3	june	unforgettable	it	2019	memories	time	great	this	dubai	full
and	feeling	elementary	was	i	stronger	the	but	lyrics	as	song	cried	understand	by	flies	to	not	is	school	when	first	listened	in	quite	time	getting	this	did
my	old	i	am	cause	the	song	of	to	dad	reminds	when	it	listen	days	with	me	this	crying
and	my	sang	this	tears	was	i	am	childhood	have	15	of	to	school	reminded	since	eyes	it	listen	friend	brought	today	me	really	3	at
and	people	tears	you	anymore	ca	anything	the	or	because	past	changed	do	oh	have	so	before	innocent	person	things	like	to	not	from	are	there	fast	relive	it	memories	that	makes	in	fix	sad
where	and	be	doing	if	ha	still	old	heard	was	i	50	internet	after	gon	gives	the	or	sometimes	song	goosebumps	got	is	na	70	7	since	years	comment	when	it	maybe	nostalgic	that	remember	leave	days	everything	60	find	eye	me	those	good	this	so	teary	alive
every	and	my	shines	still	heard	i	woah	hear	brings	childhood	have	song	la	of	to	listening	from	since	cry	first	it	back	memories	wonderful	o	many	been	2018	time	august	nonstop	sha	this	so
how	played	perfection	the	drum	oh	boy	lyrics	childhood	to	voice	her	it	memories	remember	days	sweet	beautiful	those	so	arrangement
flash	around	my	i	am	at	the	but	childhood	of	to	missed	age	27	grandma	she	back	memories	died
where	radio	and	my	no	hearing	little	lot	just	played	was	playing	i	out	the	hear	do	off	head	childhood	happy	song	of	on	girl	is	when	it	back	memories	bring	remember	recently	days	in	floods	a	beautiful	this
growing	here	my	favorite	song	up	nostalgia	come	i	june	this	is
and	absolutely	my	such	melody	grammartical	still	just	heard	feel	some	was	i	apologies	secondary	after	the	because	childhood	so	song	relaxed	of	3	like	to	voice	bad	school	love	blow	since	now	send	her	it	student	make	want	listen	many	a	steam	time	me	great	mistakes	this
and	car	my	times	still	was	i	means	english	the	mum	do	know	song	of	on	to	is	not	18	kindergarten	what	when	first	it	year	that	remember	backseat	in	sing	even	learned	although	this
in	east	reminds	my	song	africa	kenya	me	teenager	of	this	days
may	and	takes	my	you	carpenter	the	1973	have	song	rip	of	to	voice	back	in	karen	mother	away	a	time	passed	me	angel	this
hs	every	and	about	my	contemporaries	just	knew	these	i	50	for	the	but	called	graduated	oldies	have	as	glad	well	song	of	teen	to	words	70	friends	love	songs	sisters	thanks	memories	loved	that	day	course	60	in	80	although	me	great	angel	big
16	my	times	old	i	am	hear	song	flies	to	compare	love	fast	now	when	1st	time	this	so
in	play	kindergarten	the	past	love	teacher	song	when	me	it	i	this	remember	am	made
reminds	always	my	childhood	song	me	of	this
and	my	times	still	just	heard	can	tears	was	i	am	changed	boy	song	smiles	has	to	teenage	high	school	much	love	now	when	first	it	back	memories	bring	51	many	junior	a	time	me	this	so
and	my	little	old	feel	heard	was	i	am	singing	song	remembered	years	now	when	her	nostalgic	that	grandmother	remember	makes	died	14	me	really	sad	6	which	this
and	my	just	i	as	song	grow	we	to	listening	see	cry	her	back	along	she	memories	bring	listen	sing	with	all
the	find	finally	childhood	favorite	song	tons	of	memories
and	how	my	just	was	i	song	remembered	mp3	had	on	7	much	since	back	loved	then	this	so	player
the	radio	beside	hear	longing	go	my	childhood	song	time	very	back	that	this	to	at
and	hit	be	still	feel	was	i	am	september	1973	but	like	is	when	forever	it	will	remember	a	greatest
play	my	was	i	everytime	kind	parents	childhood	of	like	to	kid	always	musics	when	music	traveling	listen	days	a	time	this	so
the	radio	and	omg	my	favorite	childhood	song	clearly	me	noise	of	comeback	to
amazing	every	and	my	old	feel	was	i	am	childhood	have	song	sleep	like	to	listening	made	is	since	years	it	listen	in	been	me	night	this
used	was	i	song	on	to	kid	much	when	back	memories	listen	brought	a	classic	this	so	cassette
in	the	school	takes	my	elementary	1970s	me	back	early	to	days
realized	every	and	stay	healthy	return	my	who	people	be	just	can	i	the	sell	childhood	cried	them	to	ticket	when	forever	older	loved	that	day	want	were	with	a	me	getting
to	nice	song	me	back	2019	memories	this	bring	hahaha
and	beloved	while	my	still	i	40	past	memory	have	song	before	behind	of	friends	years	unforgettable	memories	leaving	remember	listen	many	nearer	away	passed	which	this
young	reminds	song	when	me	beautiful	of	i	was
already	and	be	my	break	still	old	heard	can	was	you	i	country	these	band	40	the	carmen	but	enough	memory	brings	here	childhood	ago	1970s	streets	china	able	to	is	not	from	strong	love	there	songs	years	broadcasted	iron	when	rules	it	back	that	poor	in	were	sing	firm	a	classic	afford	conservative	beautiful	castes	faction	could	this	image	player
be	painful	still	i	these	sadly	yesterday	ago	song	36	we	way	to	is	lost	years	an	cry	it	makes	days	karen	world	today	weird	me	really	could	this	wish
every	and	hit	my	times	yes	damn	sang	old	was	out	carpenters	the	mum	loud	on	good	lol	tape	lullaby
brings	songs	my	one	favorite	all	time	top	back	of	those	memories
and	brings	here	my	childhood	all	song	back	some	beautiful	of	was	memories	them	this	not	anymore
where	radio	and	again	came	be	my	french	once	others	was	i	experienced	46	thats	the	1973	yesterday	flautist	lives	song	never	canadian	place	on	to	is	through	carole	from	always	years	now	along	dating	music	she	responsibilities	student	will	in	with	more	a	free	time	me	beautiful	this	transports
romantic	my	i	am	boy	ago	so	song	long	from	school	years	when	mind	in	30	time	primary
the	and	deceased	sentimentality	nostalgia	to
kid	memory	as	my	a	song	her	of	this	best	is
much	young	miss	still	song	when	was	i	them	this	so	remember
romantic	and	about	my	just	was	i	girls	hear	begin	song	of	to	thank	vision	that	remember	said	myself	beautiful	so	12
and	stay	my	was	you	i	for	carpenters	the	behind	on	to	left	thank	dad	when	repeat	it	memories	putting	remember	8	days	karen	me	sad	could	introduced
in	the	car	reminds	my	childhood	this	song	me	used	of	to	listen
every	and	around	cathy	my	be	over	room	i	princess	masterpiece	the	album	sat	house	karens	song	singles	we	had	living	on	fell	to	listening	voice	of	are	love	always	when	her	back	music	neighbor	that	1974	brothers	remember	will	in	with	arrangements	bringing	a	record	all	second	pop	floor	player
about	brother	my	who	hearing	younger	some	i	40	ago	him	of	we	to	listening	is	reminds	years	now	when	it	music	loved	were	with	away	children	passed	me	this
in	the	forget	grade	my	song	time	first	heard	never	was	i	life	that	this	sixth	will
die	reminds	my	me	youth	of	memories	hard
and	memory	happiest	my	childhood	song	back	beautiful	this	bring
every	and	my	up	come	song	heart	touches	it	back	memories	grew	with	nice	all	time	those	this
brings	more	once	me	back	yesterday
with	and	yesterday	more	be	a	song	once	it	meaning	could	decency	wish
and	my	just	old	can	come	i	miss	childhood	sleep	to	not	bad	also	always	when	listen	this	so
reminds	my	childhood	cry	miss	song	happy	times	me	of	those	this	made
only	go	my	childhood	once	back	i	to	want
unknown	radio	and	style	my	heard	some	was	i	for	after	destination	purchased	singing	1973	ship	communication	suddenly	store	song	australian	sailing	rpm	of	thing	way	headed	on	melbourne	station	from	coast	cargo	what	45	mesmerized	first	back	it	along	music	wonderful	in	reaching	with	receiver	a	record	beautiful	composition	this	did
in	the	missed	much	70s	as	so	still	today	fresh	sounds	back	had	give	sadly
play	vibes	on	reminds	afternoon	my	mom	always	sunday	me	of	this	cassette
almost	just	was	i	the	everytime	10	to	piece	kid	years	since	when	first	listened	remember	been	a	time	its	this
radio	certainly	grade	elementary	my	favorite	just	was	i	english	the	sure	but	5th	cried	of	to	not	school	young	songs	when	it	that	listen	in	waiting	time
once	just	i	but	melted	like	to	songs	years	when	it	gone	that	they	listen	more	away	all	those	yesterday
and	about	how	be	my	truly	century	4	heard	can	old	was	you	i	riding	am	father	grabbed	the	attention	seat	liked	or	everytime	hear	as	childhood	us	nearly	song	honestly	never	of	had	on	has	to	left	is	thank	voice	yours	too	there	now	face	when	first	desoto	back	it	wonderful	remember	in	karen	with	rich	been	a	half	say	coming	later	smile	soon	beautiful	this	big	1956
every	i	happiest	the	hear	so	song	of	80s	we	had	reminds	when	it	time	me	sad	good	this
lots	my	favorite	such	old	you	i	for	singing	the	as	childhood	miss	happy	song	of	is	much	songs	years	reminds	it	back	thanks	memories	wonderful	days	karen	bringing	one	a	me	beautiful	most	good	this
the	and	lyrics	time	familiar	me	back	old	rhythm	to	take
with	my	all	this	song	clearly	me	back	come	memories	to	best
friends	and	reminds	my	song	actually	me	family	of	this
every	my	beach	almost	once	being	was	played	i	the	weeks	brings	hear	yesterday	song	fl	of	we	to	voice	walton	first	back	it	memories	vacation	in	spent	go	more	all	time	beautiful	great	two	this
where	show	times	up	once	just	come	you	after	yesterday	miss	happy	never	long	best	are	lost	now	cry	back	memories	will	make	they	even	friend	me	really	those
the	brings	very	old	top	back	of	memories	those	fond	golden	best	good	days
and	again	cousins	my	doing	records	up	emotions	be	old	used	can	was	i	these	innocence	at	the	or	fill	memory	as	rip	of	we	had	down	on	to	voice	not	lane	spin	are	7	drive	what	years	kids	also	hey	seems	when	her	music	nuts	gone	memories	that	trip	8	real	karen	go	weekends	get	bringing	a	record	didnt	sad	great	soon	good	life	so
if	you	i	the	changed	lyrics	reversed	have	song	heart	of	had	to	is	words	are	much	there	that	strike	makes	line	remember	in	want	a	vietnamese	today	time	rather	me	sad	seem	really	those	which	this	life	so	wish
and	again	my	lot	feel	was	i	out	means	singing	at	please	ones	page	have	so	song	believed	on	has	to	cover	school	check	it	back	thanks	memories	that	day	remember	in	many	nice	brought	a	free	time	me	beautiful	good	this	slow
young	childhood	cry	remind	me	forever	of	memories	make
brings	my	mom	used	me	it	really	back	memories	this	to	sing
in	lingers	my	song	first	date	was	memories	this	singing
up	just	these	i	for	so	of	them	voice	is	shame	love	songs	back	she	gone	music	memories	that	grew	bring	many	with	a	all	one	me	beautiful	types	those	this
in	the	kid	growing	70s	reminds	a	up	song	when	me	was	of	i	this
and	my	such	up	still	old	was	you	i	born	europe	know	40th	have	till	never	use	of	them	to	missed	love	songs	years	now	day	bkk	will	listen	in	friend	2018	all	very	time	really	great	most	life
every	and	last	again	my	than	can	you	i	these	singing	single	hear	mom	till	song	of	20	long	we	to	words	ever	missed	love	reminds	years	eyes	her	it	listen	more	meet	time	me	could	express	this	close
to	always	my	childhood	song	me	back	this	bring
play	mum	kid	takes	my	a	childhood	when	me	it	use	was	back	i	to
my	grade	played	their	1976	brings	miss	montana	songs	during	teacher	6th	back	class	hansen	thanks	memories	year	in	many	all	glasgow	this	so
my	up	still	i	their	album	childhood	favorites	of	to	listening	voice	from	grew	a	christmas	one
the	and	brings	love	childhood	miss	me	i	to	days
my	all	clearly	me	back	come	memories	to	best
radio	5	my	4	old	d	was	you	i	for	the	hear	childhood	parents	of	on	found	thank	finally	years	when	back	it	bringing	a	part	me	let	this
and	my	you	i	heaven	song	by	has	to	listening	thank	always	it	memories	remember	in	our	mother	me	introduced	this
feeling	school	my	time	nostalgic
amazing	my	natural	who	once	come	talent	memory	clearly	best	to	voice	listening	wow	what	back	more	2018	a	all	very	me	yesterday
radio	and	guam	playing	i	late	carpenters	beneath	landscape	the	memory	as	earpiece	june	1970	remember	unfolded	in	were	landing	nice	me
and	around	how	being	i	the	mum	oh	miss	of	trips	seaside	fabulous	dad	it	music	memories	a	all	child	this
or	away	my	old	back	come	memories	them	take	please
u	still	was	i	anymore	the	but	because	do	miss	things	not	laugh	love	young	songs	now	when	age	listened	memories	makes	recall	crazy	beautiful	those	did
you	i	the	so	song	understand	made	missed	strongly	songs	cry	when	listened	loved	days	me	those	this
relate	longed	about	and	how	came	younger	old	early	being	was	out	i	for	the	earlier	brings	as	song	teenager	of	we	on	to	listening	reminiscing	60s	from	look	years	now	an	when	first	her	it	back	music	she	memories	that	remember	in	funny	a	could	this
and	brings	too	your	us	happy	early	back	sad	music	you	memories	left	both
already	once	was	i	yesterday	40th	song	years	when	get	more	very	beautiful	this	wish
only	car	my	i	album	oh	japan	to	found	grandpa	finally	years	shalalala	it	back	listened	remember	in	many	could	this	so
in	every	school	afternoon	my	miss	times	song	beautiful	middle	i	that	this	plays
every	just	tears	can	making	i	the	miss	song	we	had	to	when	listen	days	in	into	myself	time	stop	night	this
about	growing	and	finding	again	my	lived	up	emotions	tears	was	i	for	after	singing	the	past	brings	yesterday	childhood	song	of	like	best	ever	during	years	back	it	singers	forgot	that	days	30	one	memorized	competition	this
hear	my	whenever	flashing	song	early	of	i	memories	mind	this	to	seventies	wow	keep
and	loves	races	against	my	still	played	was	ugly	i	for	english	but	brings	mom	us	till	so	song	other	actually	happy	understand	we	does	to	are	something	kid	see	there	always	now	when	it	back	she	chinese	together	memories	that	countries	weeping	humanity	remember	listen	each	said	many	a	all	fight	me	which	this	different
and	how	times	was	i	the	changed	had	by	on	has	looking	much	years	back	it	gone	that	makes	in	today	rather	sad	seem	good	so
and	gradually	my	just	tears	was	room	i	father	the	lyrics	so	song	understand	to	found	tape	kid	years	now	when	first	music	listen	help	in	many	cant	a	passed	stop	this
play	affordable	my	can	usb	was	i	which	sadly	gather	managed	the	enough	ones	inside	as	easter	lyrics	song	cheap	mp3	current	teenager	included	of	had	on	money	to	buy	display	struggling	something	an	sorts	when	first	it	lacks	music	among	remember	listen	days	in	even	go	feature	a	very	time	today	cool	egg	this	so	country	bought	player
expect	and	listener	if	he	just	gives	the	recalling	past	yesterday	as	serenity	song	silence	by	to	not	quickly	memories	goes	in	time	passed	this	so	did
only	and	how	my	melody	times	ten	just	eleven	can	was	knew	i	eighteen	am	the	or	lyrics	childhood	happy	song	pain	to	struggling	strongly	now	when	first	back	listened	due	resonate	in	with	nice	studies	then	appreciate	family	great	this
and	brings	stell	a	so	all	it	back	great	i	alive	had	life	felt	am
dancing	london	disco	dj	greg	the	radios	ballroom	edwards	lyceum	on	best	to	friday	town	remember	in	with	capital	a	jesus	night	this	at
childhood	lots	memories	of
and	flick	brother	until	my	playing	i	watch	saturday	everyone	the	busting	neighborhood	song	on	to	high	handball	friends	3pm	it	remember	in	home	with	a	tail	me	this	shaw
the	sundays	reminds	old	me	silver	blades	of	good	birmingham	days
feed	only	and	came	playing	was	over	i	out	knew	at	keep	barman	the	or	15	never	of	uk	to	much	bar	when	it	she	loved	in	jukebox	14	a	time	pop	so
absolutely	be	my	little	playing	was	you	i	july	the	brings	11th	miss	rip	of	saddest	much	love	dad	always	when	forever	back	2019	memories	day	will	this	life	so
and	england	band	you	for	song	well	thank	fabulous	what	shirley	back	done	memories	darlington	h	lovely	bringing	a	great
and	stuff	respects	my	people	little	feel	press	i	am	the	but	hear	do	57	1965	way	climb	to	listening	not	is	from	are	see	machine	there	what	now	when	age	comes	it	back	music	that	moves	want	in	many	into	go	a	all	today	time	very	me	at	did
every	amazing	and	again	came	my	up	just	sunday	can	was	over	out	i	gold	their	born	the	mum	as	captial	grow	song	before	on	to	60s	are	7	love	years	it	music	listen	with	harmonys
full	and	again	harmonies	my	certainly	pleasure	still	exciting	old	played	was	over	i	tired	watch	the	1966	so	perform	song	never	smiles	of	them	on	best	to	is	teenage	are	years	45	when	it	music	perfect	among	thirteen	day	singers	wonderful	in	soaring	get	faces	record	very	genuine	rousing	great	its	this	hollies	bought	player
twenty	and	while	my	drumming	records	little	yes	heard	can	playing	was	over	i	for	drums	singing	the	or	because	elliott	as	oh	song	never	teenager	of	by	bobby	to	too	young	much	what	years	now	sisters	older	it	perfect	that	remember	tried	a	say	great	hollies	struck	immediately
the	carl	you	nostalgic	memories	for	thank
home	and	brother	on	yardbirds	my	bringing	favorite	record	was	i	45rpm	10	this	remember
british	some	the	brings	of	had	slipped	best	high	school	too	fast	invasion	back	music	memories	that	away	all	great
about	and	soldiers	against	wan	guys	if	beginnings	still	old	witnessing	was	i	these	revolt	singing	the	yarbirds	sort	of	protest	thing	to	listening	not	na	high	school	too	what	burn	kids	when	first	beatles	music	memories	that	makes	in	were	guard	doob	a	me	youth	most	good	this	did
only	musically	old	given	rightly	was	these	i	for	their	the	but	1966	priceless	cats	so	never	of	way	deserved	are	ahead	yardbirds	years	music	memories	year	they	were	a	then	time	great	12
and	brings	love	timeless	back	memories	this
or	to	takes	my	now	favorite	husband	song	time	first	me	never	back	met	i	this
and	brother	his	few	he	my	records	peace	just	was	i	out	after	man	millions	books	the	presley	intrigued	freaking	have	of	had	got	history	best	made	from	ever	rest	read	there	agree	songs	always	library	elvis	awesome	it	albums	handsome	in	with	been	away	one	a	all	then	passed	this	so
play	the	popular	my	air	lot	summer	song	before	senior	of	great	memories	year
where	every	and	was	i	for	feelings	lovers	song	other	street	living	from	there	when	flashbacks	compassionate	each	in	southern	with	get	italy	a	filled	child	this	confessing
my	he	used	was	i	heaven	miss	so	song	to	kid	much	dad	when	loved	in	a	this	sung
car	my	old	i	am	remind	song	of	way	on	to	listening	7	school	dad	years	when	in	me	this
sang	singing	but	so	glen	song	to	brilliantly	benson	love	it	awesomeness	memories	take	listen	many	a	george	pure	this
every	were	young	love	party	happy	song	when	forever	will	played	it	we	memories	this
radio	my	was	i	for	the	but	song	teenager	recorder	to	from	years	quality	when	recorded	it	horrible	listened	remember	this	cassette
are	the	my	80	childhood	remembered	music	i	best
about	be	no	who	times	can	violence	was	i	born	or	have	why	singer	innocent	way	gentle	to	is	there	always	sexuality	it	sing	in	today	those	pure	this	so	wish
my	such	old	the	brings	song	of	best	is	90	from	ever	love	always	it	back	music	memories	a	80	youth	great	good
my	lot	played	these	their	brings	so	song	of	sister	has	lasted	is	during	years	first	back	it	memories	that	dance	a	all	wedding	good	this
until	was	i	the	brings	song	80s	looked	swear	released	it	back	loved	memories	in	into	find	1985	this
i	but	song	of	had	to	18	fast	years	always	it	memories	that	listen	time	beautiful	this	at	goes
just	old	was	i	17	brings	song	him	like	much	years	back	memories	a	then	beautiful	this	so	1987
in	learning	the	friend	my	dance	summer	song	is	1988	best	i	backyard	this	to	remember	slow
takes	my	experienced	the	childhood	happy	song	80s	had	to	wow	love	years	back	it	music	makes	one	me	beautiful	this
and	my	was	i	40	the	mid	brings	so	glad	teenager	of	got	to	90	era	much	years	now	when	back	memories	that	in	80	sad	experience
and	my	up	just	else	was	you	i	live	the	so	happy	song	never	of	thing	we	best	rest	it	back	that	our	in	with	clock	get	messed	turn	knowing	could	anyone	this	life	wish
machine	please	must	a	time	build	can	music	back	we	this	bring	someone
the	high	school	jr	takes	nerve	dance	working	damn	up	me	back	to	ask	dances	someone
and	my	32	loving	was	after	song	never	we	to	love	years	first	her	met	memories	reconnected	many	stopped	mine	this	so
feeling	my	for	change	gon	the	nothing	as	song	na	love	back	same	in	80	its	this
about	and	car	forget	was	i	the	miss	so	happy	song	never	we	1980	love	kill	when	her	together	she	wreak	will	makes	in	were	a	me	lady	think	this
and	jobs	how	no	date	path	boys	was	seemed	for	the	taken	have	happy	longer	actually	marriage	of	place	we	things	on	like	to	girl	money	living	love	call	now	when	would	that	make	phone	a	worth	time	romance	sad	value	life	mattered
and	reminds	my	one	favorite	classics	song	me	timeless	it	of	those	this	is	days
my	up	heard	i	woman	the	brings	song	him	is	wife	love	what	first	met	memories	that	a	today	time	beautiful	most
brings	love	childhood	song	back	i	memories	good	this
and	my	childhood	all	song	youth	coming	great	life	memories	to	brain	is
and	my	still	some	was	i	17	brings	hear	wonder	why	song	3	we	lasted	years	kids	t	when	awesome	back	together	memories	aren	in	raised	wedding	this	1987
the	18	and	again	party	fond	summer	1988	it	form	of	i	memories	leaving	sixth
dancing	and	was	i	wonderfull	the	girls	boy	song	of	we	magic	best	parties	ever	are	era	love	young	songs	when	remember	in	with	one	80	time	this	at
and	last	be	my	some	i	the	but	or	past	brings	know	song	friends	moved	back	it	memories	would	were	away	a	all	then	time	family	great	this	did
and	my	still	i	the	flashback	have	song	had	to	listening	is	love	cry	eyes	when	memories	that	a	beautiful	most	close
and	stay	who	old	was	i	man	innocence	at	the	oh	serenity	song	gave	of	on	to	girl	tape	puppy	love	when	released	recorded	it	forever	year	beauty	with	a	time	swore	this	12
and	exactly	how	my	watching	19	such	who	beach	old	almost	lot	nostalgia	was	i	50	17	girlfriend	the	gives	as	running	have	other	song	of	we	on	incredible	to	is	video	young	love	years	now	it	mind	memories	wonderful	same	each	in	30	many	with	brought	a	time	passed	me	beautiful	this	so	1987	did
the	and	miss	80	years	my	really	of	i	life	best	90
the	school	me	it	nostalgic	especially	makes	days
younger	was	i	for	am	brings	thankful	kind	song	of	when	it	music	memories	that	very	me	beautiful	good
about	and	5	came	was	i	17	at	the	or	know	song	tv	on	restaurant	ever	going	always	since	now	what	when	loved	remember	in	italy	a	time	although	really	holiday	6	this	did
stomach	miss	my	this	when	song	heard	turned	i	those	memories	man	days
were	again	back	these	i	wish	days
and	my	old	was	i	for	chick	live	the	brings	song	never	got	of	on	to	are	ever	school	hats	love	young	your	when	it	back	gone	bits	in	were	get	phone	a	me	this
and	about	his	be	optimistic	he	still	old	knew	come	i	seemed	watch	was	after	40	am	man	the	because	boy	must	song	tv	innocent	never	him	of	fell	future	on	to	flies	love	always	years	now	when	back	memories	would	in	name	with	brought	a	time	this
and	sweetheart	again	my	he	than	used	can	was	try	after	singing	the	but	nothing	ago	never	to	is	high	18	school	love	better	years	now	first	back	it	music	they	sing	our	30	in	with	true	80	succeed	me	this
my	the	mum	miss	happy	song	of	on	to	listening	much	reminds	her	memories	days	many	me	beautiful	holiday	this	so
mix	my	was	i	for	the	song	on	girl	made	tape	first	memories	good	this
and	his	no	feel	making	you	i	anymore	do	oh	glen	why	song	singer	him	of	like	to	is	are	there	back	music	nostalgic	recently	fun	sweet	80	very	me	so
the	and	go	machine	need	a	time	build	back	80s	to
many	have	so	up	grow	old	i	legendary	memories	to	wish	did
how	my	i	the	brings	so	80s	of	best	to	love	always	back	music	memories	will	many	go	time	could	good	this	life	wish
and	brother	my	times	i	roads	the	song	use	of	to	from	reservation	drive	reminds	when	back	lake	sunrise	in	80	me	good	this
and	how	i	the	90s	brings	changed	boy	miss	have	80s	things	back	memories	in	many	go	time	could	this	so	wish
and	old	you	live	version	brings	rip	john	to	thank	years	back	fantastic	in	faces	scott	14	voices	me	beautiful
where	and	absolutely	came	up	was	brilliant	i	the	song	teenager	we	them	to	fire	60s	wife	ritz	young	reminds	when	went	saw	brothers	they	handsome	were	into	walker	very	me	luton	escape	so
brings	a	song	when	back	teenager	was	great	i	memories	from
years	my	time	me	back	best	music	thanks	50	to	take
the	my	times	me	back	best	of	to	life	take	please
and	jimmie	hendricks	came	who	was	i	for	screamed	the	as	uk	john	them	place	to	shouted	is	girl	60s	omg	see	wearing	hippy	when	went	that	same	loved	they	fantastic	were	a	lady	beautiful	colors	this	so
in	go	love	what	know	now	song	time	back	could	i	that	wish
and	option	steady	being	was	for	the	childhood	marry	him	watched	to	not	totally	faithfully	love	an	it	wanted	thanks	memories	wonderful	ready	unfortunately	in	with	go	scott	walker	14	time	at
again	be	painful	almost	period	brings	as	song	never	of	to	is	it	back	memories	that	will	listen	many	time	this	so
romantic	and	hit	be	doing	old	was	i	singing	man	the	girls	so	song	long	of	has	to	voice	school	going	there	what	when	it	year	passionate	would	remember	line	13	a	great	this	calypso	dances
a	very	feel	music	you	i	nostalgic	for	this	was	child	thank
every	and	while	my	steady	england	i	the	brings	of	teen	watched	theicewitch54	years	back	loved	memories	wonderful	ready	60	in	go	minute
my	favorite	little	brilliant	was	i	mums	mom	song	to	listening	voice	when	remember	with	a	great	its	this
and	hit	1996	performed	pav	hemel	brilliant	was	i	for	their	wishes	live	the	song	of	volume	to	hempstead	60s	sharing	denisex	going	during	summer	it	back	thanks	memories	concert	remember	in	warm	distant	pavillion	top	pop	this	life	at	bought
the	with	one	happy	up	of	i	memories	grew	best
radio	takes	my	being	mums	the	sheer	on	to	side	songs	back	along	she	bliss	would	that	sing	in	were	60	right	all	me	great	at
my	certainly	i	out	for	1966	changed	have	got	of	long	kicked	high	school	hey	wearing	hair	that	in	time
many	brings	happy	back	memories
and	bands	roll	experiences	yes	else	rock	you	these	matters	for	their	the	but	nothing	song	rip	of	john	them	best	high	era	school	n	are	energies	songs	etched	when	awesome	music	2019	gone	hearts	brothers	60	in	endless	our	walker	raised	scott	me	youth	most
16	and	feeling	came	my	who	hearing	just	old	i	out	for	girlfriend	the	as	lyrics	miss	song	got	had	of	10	to	found	listening	years	now	53	written	heartache	it	back	music	year	that	same	remember	days	were	crush	true	a	me	really	later	those	this	sign
and	can	being	i	attached	the	song	melodrama	goosebumps	teenager	of	to	back	2019	memories	60	in	many	go	a	this	so
my	little	was	come	i	mysterious	attached	the	know	song	place	to	what	memories	wonderful	in	many	world	a	then	teens	this	so	big	did
and	can	was	i	please	the	of	had	best	to	much	simpler	too	now	back	music	they	days	real	go	one	then	those	life	so
absolutely	again	how	can	i	the	miss	song	never	is	there	love	back	that	days	get	all	time	sad	those	this
the	70	and	much	felt	miss	optimistic	really	i	s	alive	so	60
brings	lovely	my	one	song	new	old	timeless	favorites	back	of	memories
takes	yeah	my	tears	was	i	sun	anymore	the	broke	because	song	heart	of	to	listening	not	thought	rise	going	eyes	first	back	in	me	this
and	again	my	you	i	miss	song	of	sister	give	wendy	to	see	much	love	reminds	would	whatever	me	could	this	so	big
and	certainly	brilliant	was	i	out	tune	63	so	song	cam	of	them	10	listening	is	to	from	are	era	there	now	when	memories	many	hits	one	classic	vocals	great	this
ronnie	and	while	he	9	almost	early	playing	was	i	beggar	at	whitechapel	the	sat	killing	march	have	straight	innocent	him	of	kray	cornell	on	is	through	bar	always	reminds	years	juke	when	box	timeless	it	back	loved	days	in	outright	a	forehead	66	classic	george	me	blind	shot	those	this
my	tears	for	brings	called	song	to	eyes	back	crap	grandchild	memories	many	brought	me	this	so
brought	my	years	non	stop	back	some	crazy	you	played	memories	for	this	teen	thank
the	tape	listening	to	as	a	this	song	first	was	had	i	audio	child	cassette	rap
germany	still	was	jam	i	the	brings	song	to	listening	when	back	it	stationed	memories	wonderful	in	this
takes	years	my	wise	me	back	music	of	way	life	best
in	the	on	came	song	when	old	back	was	day	this	good	club	jumping	days
and	used	can	played	i	club	the	song	teen	to	when	texas	back	remember	they	in	go	a	all	time	this
in	the	brings	80	back	memories	club	days
little	i	the	lil	but	do	oh	miss	like	look	1980s	wayne	one	guy	cool	man
the	how	song	just	me	back	was	great	80s	this	take
go	damn	back	could	i	these	to	wish	days
dancing	last	generation	my	just	was	i	for	man	the	90s	do	boy	miss	fiance	on	to	not	2000s	new	back	take	dance	all	me	night	this	floor
the	girls	school	and	takes	me	back	this	to	singing	days
takes	beats	old	you	gardens	the	skating	so	roller	rolling	school	much	better	it	back	god	were	cant	then	me	top	at
the	too	rink	times	skating	def	i	down	good	this	at	listening	remember	reminiscing	track
and	came	my	damn	up	hell	was	i	out	the	brings	here	as	literally	song	use	shit	ah	dope	to	is	high	friends	school	when	back	memories	track	in	many	tear	right	dance	classic	this	floor	so
the	brings	rink	times	skating	awesome	back	ah	memories	good
everybody	and	came	lot	was	out	i	for	man	the	brings	have	song	never	of	got	looking	there	years	now	when	new	back	it	groups	memories	day	thanks	in	name	been	one	a	good	this
every	my	1988	hating	was	i	am	the	because	brings	kind	song	of	got	chance	not	is	what	back	memories	rocking	whatever	one	jams	then	rapping	this	anyway
everything	70	more	miss	than	say	can	i	from
in	the	were	brings	my	childhood	80	times	best	back	of	memories	they
and	70s	while	my	he	little	used	was	the	mom	us	we	to	dad	bathing	memories	sing	in	were	real	precious	all	bath	this
listening	with	love	reminds	my	a	little	parents	me	it	being	of	this	to	girl
and	my	grade	he	whenever	was	i	ex	late	the	boyfriend	but	became	song	pass	use	him	of	on	has	to	lol	2009	husband	since	6th	first	it	that	listen	in	our	away	a	me	sent	later	this	so	cassette
and	car	my	favorite	up	used	knew	was	i	out	for	at	the	because	usually	deceased	know	song	other	80s	we	of	give	to	something	love	what	now	her	it	she	hard	that	listen	sing	in	each	8	with	mother	turn	time	me	really	getting	this	did
and	about	until	came	existed	little	such	my	be	old	4	forgotten	early	was	nostalgia	i	out	live	gives	the	enough	brings	yesterday	childhood	song	lucky	of	had	long	like	to	if	cat	doggo	years	now	an	when	age	her	it	back	first	saw	that	even	in	warm	serenading	right	lovely	sweet	probably	blink	feels	eye	lady	me	this
hit	than	can	you	i	the	brings	so	song	to	words	love	it	back	memories	makes	many	more	a	say	big
the	miss	old	really	i	day
saying	my	he	truly	was	out	state	the	here	moving	heart	of	to	high	school	love	reminds	airport	first	goodbye	2019	me	broken	at
and	childhood	my	song	father	sings	this	often	to	remember	listen
the	relate	but	many	past	with	songs	this	song	feels	fresh	2019	memories	wonderful	so
love	takes	my	years	song	me	back	teenager	i	this	to	wow
the	omg	feeling	love	throw	back	thanks	memories	for	this
the	and	leo	joyful	yes	carefree	remind	old	me	you	thank	days
and	excellent	my	used	i	brings	hear	song	to	back	memories	day	in	corp	broadcasting	classic	srilanka	youth	enjoy	this
and	again	after	gives	song	innocent	on	to	listening	love	reminds	years	first	that	apropos	30	goodness	nice	a	me	smile
radio	and	my	little	playing	i	am	the	seat	but	nothing	parents	next	song	sister	to	looking	love	back	2019	sitting	remember	in	me	january	at
in	my	eyes	tears	nostalgic
the	inhaling	and	there	dad	be	my	song	nostalgia	was	i	soon	would	this	to	listen
and	my	i	the	as	happy	song	well	sweethearts	roller	we	to	danced	skated	wife	high	maine	school	portland	when	wheels	our	were	in	wedding	at
humming	young	song	when	proud	nostalgia	being	was	80s	of	i	this
the	world	past	miss	song	today	me	it	another	great	garbage	is	makes
every	my	moment	was	i	after	liked	father	miss	song	morning	to	kid	school	when	that	a	open	this
and	feeling	kiss	exactly	old	danube	walks	the	brings	song	shores	of	long	on	like	to	girl	listening	tied	falling	love	years	summer	first	back	memories	year	that	in	with	14	a	hand	all	this
and	my	women	i	after	singing	the	mum	care	miss	birthday	song	of	sister	on	to	is	tasmania	wow	school	love	years	her	tassie	remember	with	one	shelter	those	this	ladies
only	and	his	while	my	old	forgotten	was	i	middle	driving	the	but	mom	song	chevy	rip	of	has	best	stood	not	lol	wow	ever	dad	momma	years	when	62	would	remember	in	time	passed	say	flatbed
brings	sweet	my	heart	you	mind	memories	to	thank	warms
the	and	70s	nothing	songs	getting	nostalgic	of	80s	to	beat	60s
and	young	sang	song	when	her	was	i	good	this	to	remember
my	childhood	remind	me
play	every	feeling	his	i	for	gives	single	leo	fresh	before	to	wow	are	ever	tracks	school	songs	loved	day	leaving	sayer	remember	green	a	me
radio	and	my	heard	least	i	girlfriend	the	song	indiana	20	way	on	to	1980	from	there	phoenix	stations	memories	in	drove	great	this	at	different
you	brings	so	song	thank	much	love	better	songs	back	it	memories	were	many	then	good	this
in	high	school	friend	my	1998	i	girl	remember
play	and	used	i	madrid	the	had	to	1980	machine	discos	they	in	a	all	time	this	wish	pubs
the	many	missed	mine	ago	younger	moons	days
love	song	back	memories	good	this	bring
many	brings	alright	mate	classic	back	you	memories	so	thank
radio	and	touched	my	being	you	i	these	50	the	feelings	brings	hear	inside	miss	song	of	place	understand	sung	had	on	to	words	from	70	love	better	songs	when	back	older	music	that	60	in	a	all	80	me	could	life
growing	dad	always	my	mom	miss	up	song	when	played	was	you	i	for	this
every	love	dad	always	my	on	he	drives	song	time	really	turns	i	this
many	enormous	cherished	bringing	sweet	an	all	bitter	back	yup	above	of	memories	amount
how	just	date	was	i	born	because	brings	oh	miss	well	never	had	back	music	memories	that	days	real	a	later	those	at
just	old	used	over	was	i	out	cause	boyfriend	loud	or	so	ago	song	field	him	of	had	long	on	to	trips	reminded	years	cry	it	memories	sing	13	a	myself	me	this	at
and	5	his	be	my	who	he	still	others	4	emulate	was	1954	i	at	sound	born	the	or	commented	as	have	aware	never	of	has	to	voice	through	captured	imagination	love	there	years	started	elvis	age	it	music	presence	grandmother	in	even	many	been	popular	presentation	today	really	gifted	this	anyone
windows	car	my	divorce	up	still	i	after	driving	the	cd	loud	song	21	marriage	had	down	is	turning	rolled	love	years	ended	first	remember	in	very	later	this	crying	28	bought
