and	his	he	still	feel	can	loving	was	you	i	golden	for	emotional	at	the	but	hear	have	relaxed	singer	of	we	to	voice	thank	fan	reeves	jim	love	now	age	singers	vouch	that	days	in	many	with	a	all	16years	time	although	great	those	lord	life
tour	and	mary	came	my	who	be	can	some	you	i	for	granted	man	viet	the	marry	have	song	convince	hope	of	served	to	is	thank	from	are	years	now	when	back	receive	1st	god	day	blessing	that	nam	pray	leave	in	30	47	a	greatest	all	reality	me	later	december	this	life	lou	2nd
in	are	always	my	wherever	heart	you
the	his	always	be	number	one	no	elvis	close	king	taking	can	come	place	to	will
play	radio	hit	generation	if	be	still	for	anytime	the	begin	ill	song	future	on	to	new	it	they	in	a	bet	could	this	goes
reeves	64	jim	young	my	now	when	used	was	i	listen	to	am	remember	father
my	played	was	i	late	father	the	as	favorites	him	crematorium	special	has	tribute	to	beared	it	meaning	coffin	in	into	all	very	time	top	this
and	boxer	his	generation	my	he	myanmar	old	heard	least	was	come	i	at	100	the	guess	29	as	next	well	singer	college	him	of	by	to	is	presented	from	reeves	jim	love	grandpa	songs	years	now	along	grandma	maybe	albums	wonderful	sing	in	sir	mummy	mine	australia	daddy	a	eric	top	could	which	man
and	there	again	as	nothing	now	then	elvis	was	for	is	entertainment
and	be	if	he	roll	no	rock	was	the	heart	of	best	is	blues	ever	there	elvis	soul	music	would	will	were	rhythm	country
the	baby	blow	your	a	steam	part	roller	i	mind	to	like	guaranteed
the	off	absolutely	love	he	elvis	when	forever	really	was	him	i	lord	showing	will	made
the	hear	generations	familys	true	quality	it	enjoy	great	of	to	different
my	favorite	all	time	singer	forever	him	of	could	to	listen
and	his	emotions	i	anytime	especially	drums	the	hear	song	of	any	reeves	jim	love	songs	eved	overcome	distant	with	get	very	beautiful	teary
every	and	his	my	he	played	i	man	die	know	song	never	to	word	ever	much	music	loved	that	will	mother	sounds	think	this	so
the	voice	one	all	time	singers	of	to	best	country
the	but	melts	usually	my	60	heart	prepare	i	of	this	rocker	sound
posting	absolutely	his	people	who	yes	boast	can	least	brilliant	was	i	for	at	the	but	enjoyed	video	element	jim	now	when	older	music	thanks	that	days	in	good	this	appreciate
and	united	rightly	come	i	thread	for	their	live	the	us	appreciation	innocent	across	of	long	voice	is	reeves	jim	reminds	first	it	music	that	in	more	a	all	time	beautiful	great	think	so
about	and	raise	my	who	little	i	the	but	boy	as	three	favorites	him	of	by	on	girl	is	elder	wig	sisters	it	whose	that	interpretation	mother	a	number	one	very	tom	plausible	treat	put	great	think	this	says	someone
who	he	up	4	early	was	knew	i	the	boy	to	girl	when	that	in	brought	a	think	1960s
my	favorite	still	i	but	boy	have	so	of	is	songs	they	many	a	one	great
and	autobiography	around	book	reading	i	version	the	well	pete	spoken	to	listening	is	now	it	audio	fantastic	recommend	right	very	rather	anyone	erudite
takes	my	favorite	heard	tears	another	drums	sound	the	mum	oh	calling	of	on	reeves	jim	songs	now	her	meaning	she	gone	that	distant	flowing	away	a	dear	different
amazing	always	drumming	my	a	little	sensational	song	heart	it	this	lifts	is	s	known
amazing	voice	what	a	an	song	heard	never	before	rhythm	this	wow
about	four	my	who	was	i	controlling	or	changed	parents	three	song	like	is	when	name	mine	this
and	my	just	i	singing	ca	the	childhood	mom	song	to	is	friends	something	seen	now	started	asked	it	she	listen	sing	today	stop	me	this
and	stones	played	over	100	the	on	best	from	years	now	along	beatles	music	that	will	dylan	even	with	classic	so
only	be	no	who	just	unbelievable	for	the	album	single	of	handedly	has	doubt	ever	story	tommy	that	work	a	greatest	weird	me	could	its	so
mix	if	such	he	brilliant	white	version	so	song	orchestra	of	had	like	too	love	palmer	reminds	it	done	would	robert	unlimited	been	nice	a	barry	me	motown
my	matched	or	favorites	of	to	crescendo	it	back	builds	one	all	a	then	time	today	rarely	magnificent
road	and	hit	heard	was	band	i	for	the	song	fell	on	hearted	love	first	it	in	home	with	a	time	me	really	this	broken
amazing	voice	what	a	an	song	heard	never	before	rhythm	this	wow
play	about	around	wan	be	no	playing	was	folks	i	short	enthusiastic	man	the	but	90s	do	oh	have	cut	we	hardly	like	magic	na	through	60s	to	grown	ever	something	when	back	it	music	meaning	god	day	that	they	uhh	in	talking	get	then	enjoy	alive	this	appreciate
who	can	was	i	beat	the	know	on	does	love	t	it	thanks	that	find	drummer	classic	this	anyone
arrangers	amazing	and	my	you	these	for	powerful	the	never	of	got	on	thank	deserved	sharing	love	songs	classics	it	music	background	they	work	credit	arrangements	probably	one	orchestrators	dramatic	youth	most	pop	did
dropped	go	do	a	song	before	trailer	let	i	this	found	week
phones	you	i	am	cause	here	parents	must	song	other	of	them	like	to	not	any	music	listen	all	good	this
and	my	was	i	middle	parts	job	the	or	hear	called	wondered	till	song	trailer	of	side	lol	camels	east	always	what	t	it	saw	that	makes	world	go	desert	don	me	let	think	this	at
hears	do	songs	now	a	song	sad	great	we	these	its	words	days
told	look	and	here	my	mom	so	up	song	me	him	i	this	to	am	listen
the	many	world	miss	why	elvis	forever	never	will	singers	great	of	long	you	live
every	his	live	the	single	song	of	long	much	cry	pics	along	makes	with	king	time	me	beautiful	family	those	this	emotion
in	generation	prefer	my	lived	than	song	just	music	i	this	generations	wish
how	just	i	late	guess	us	before	of	we	them	too	much	love	it	leave	really	most	tell	someone
amazing	about	and	my	such	you	i	for	keep	the	pushing	care	because	ones	have	of	them	showing	give	chance	girl	to	ever	lost	love	met	hard	more	away	satisfied	a	one	time	me	most	this
and	his	he	wish	wrong	was	princilla	i	for	marie	so	him	had	gentle	to	left	fulfill	started	when	her	it	soul	loved	go	been	a	all	sad	think	life	able	lisa
and	was	i	jackson	the	presley	michael	never	him	of	to	see	elvis	in	get	time	sad	so	wish
and	loss	be	my	favorite	he	was	the	singer	to	always	what	awesome	will	world	been	a	greatest
only	16	but	ve	amazing	m	always	years	people	he	old	him	i	had	s	to	listen
and	how	show	whenever	little	up	i	ca	woman	the	told	because	or	do	die	never	of	them	things	to	any	going	love	relationship	alone	her	hard	that	grew	loved	in	probably	a	learned	say
little	was	you	i	meant	before	too	love	there	what	music	maybe	with	get	glich	this	barbiedolly	did
only	came	grade	build	was	you	i	out	for	memory	treasure	is	your	when	age	movie	in	a	youth	this	2nd
my	i	attention	pay	lyrics	relates	why	joint	to	situations	much	love	it	that	s	in	many	very	classic	this	life
up	song	when	very	me	feel	given	i	this	like	helps	inspirational
amazing	david	and	bass	forget	up	others	4	marvin	tops	the	jamie	but	hear	of	had	give	to	there	t	funk	underrated	thanks	smokey	brothers	levi	stubbs	s	were	with	one	greatest	don	a	all	voices	great	motown	troubled	man	jamison
and	his	such	he	old	man	at	the	legend	power	had	voice	much	young	what	years	age	soul	in	seventeen	a	vocal	this	so
only	while	my	who	he	old	was	i	for	17	at	the	wrote	as	song	well	son	by	way	davis	school	there	teacher	now	maybe	spencer	steve	a	winwood	think	primary	this	goes
16	he	old	for	to	good	there	years	believe	age	hard	that	said	really	someone
blow	if	my	tune	great	i	out	that	like	to	voice	tried	sing
and	if	he	natural	come	you	out	got	thing	to	not	it	soul	in	black	a
smashing	band	or	shame	are	too	songs	now	recognized	it	they	with	popular	a	really	great
until	no	was	i	singing	the	stevie	idea	song	had	comments	read	your	it	loved	that	60	in	winwood
absolutely	excellence	gold	masterpiece	100	sound	the	talent	solid	of	music	standard	memories	line	top	beautiful	great	pure	phenomenal	life
and	his	invent	few	people	he	younger	was	virtuoso	please	so	under	is	somebody	appreciated	machine	what	now	beyond	steve	soulful	in	realize	a	time	teens
touch	i	nothing	ago	aint	long	to	is	from	there	now	nowadays	it	music	a	time	think	this
only	and	my	was	you	i	the	told	case	on	point	best	give	to	from	rest	better	always	your	first	it	that	will	get	time	shot
and	such	you	i	for	hear	group	to	voice	thank	not	wow	fabulous	discover	it	share	great	this	often
my	who	was	band	i	enjoying	the	here	evening	of	viewing	ask	when	age	she	movie	60	with	daughter	youngest	brought	me	22	adaline
merle	my	favorite	heard	i	version	but	have	song	never	of	is	bad	too	love	a	then	this
about	and	his	he	exists	past	song	before	of	executed	is	reminiscing	love	that	tells	home	a	sad	family	man
only	and	my	still	shall	was	i	am	song	to	thank	love	now	when	first	it	grandma	8	in	with	14	introduced	this
but	name	and	know	my	laura	always	her	thomas	wifes	i	by	tommy	this	to	is	sing
hit	stands	i	out	for	finest	the	single	do	as	of	singles	love	1960	it	one	me	really	this
hit	but	wonder	though	so	like	voice	lost	what	many	get	lovely	one	a	happened	afterwords
and	nice	love	what	a	one	song	relax	can	enjoy	it	i	this
singing	name	n	friend	my	laura	this	me	on	keeps	to	is
the	all	like	me	can	teens	appreciate	great	out	tunes	that	this	shout	to
tragedy	highlights	a	song	well	really	brilliant	that	so
favourite	ever	name	because	coincidence	be	my	such	a	laura	17th	happens	that	to	is
until	laura	park	i	compilation	version	the	decent	but	as	song	cheap	never	pictured	trailer	of	video	a	skank	this
and	people	who	laura	adds	comfort	personal	anymore	the	but	do	have	had	thing	like	is	not	sorrow	it	create	music	maybe	a	knowing	this
the	hear	better	songs	now	up	sort	than	can	of	these	crap	grew	to	words
the	ever	created	and	be	should	never	forgotten	music	best
the	are	in	cases	and	only	finished	lyrics	half	others	wrong	some	video
the	in	21st	much	young	not	certainly	century	very	lady	1960	she	vintage	this	is	video
such	do	song	like	to	not	any	made	words	what	songs	now	day	make	they	days	in	calmer	nice	a	good
the	name	do	songs	my	all	why	sad	seem	to	bear
about	be	who	careful	was	you	please	the	person	of	thank	are	what	entertainer	talking	our	a	greatest	time	say
the	in	greatest	music	history	of	this	concert	is
voice	your	a	heart	gorgeous	that	man	melt	would
the	but	how	called	he	king	still	was	i	had	good	wish	known
and	last	how	his	he	delivery	can	you	the	notes	voice	from	high	see	much	face	when	that	in	with	satisfied	part	sings	those
may	and	his	my	he	no	times	white	i	tune	version	the	but	nothing	here	have	mock	american	statement	song	writers	james	three	prolific	of	thing	lifetime	to	is	doubt	from	blues	when	written	music	listened	maybe	that	take	artist	make	in	said	taylor	with	away	one	greatest	all	time	most	this
the	ever	name	and	his	be	song	coolest	awesome	elvis	person	most	sung	is
be	he	once	just	was	i	for	live	the	have	him	best	ever	there	seen	will	me	could	wish
the	concert	fine	and	ride	been	priscilla	a	appears	elvis	over	gone	had	year	this	enjoying	at
earth	his	my	he	certainly	just	over	was	fella	him	however	left	lol	looking	rolling	too	now	imaging	stunning	right	a	me	gorgeous	soon	this
only	no	still	you	i	man	singing	the	but	presley	do	have	so	song	singer	of	by	incredible	best	not	blues	doubt	love	genres	awesome	music	in	were	many	world	one	all	really	great	most	comparison	this
and	how	he	was	i	looks	at	the	know	song	laughs	thinking	of	like	to	side	beginning	love	what	always	forever	music	would	king	all	then
period	playing	i	for	the	hear	song	on	to	blues	love	elvis	it	background	a	great	this
comfortable	with	style	his	he	definitely	low	bluesy	music	of	think	i	most	this	down	roots
the	and	friend	miss	now	greatest	then	elvis	my	forever	you	we	god	bless
earth	his	peace	he	i	effort	the	unique	concerts	so	why	on	voice	from	rest	see	much	too	young	eyes	god	that	sufferience	handsome	s	in	died	greatest	angel	most	man	artist
be	he	over	i	for	masterpiece	or	wonder	so	why	never	of	recoding	7	it	perfect	that	would	minutes	a	studio	did
and	again	be	no	heard	else	some	can	i	keep	but	because	other	like	to	special	is	video	too	there	always	now	elvis	forever	back	gone	in	our	videos	one	very	time	coming	its	this	life
forget	be	e	can	played	making	you	i	for	key	the	song	never	of	we	on	cover	look	your	elvis	it	will	in	a	harmonica	soooo	this
and	absolutely	my	over	you	vocalist	yuo	the	hardin	heaven	glen	singer	james	heart	burton	are	what	entertainer	forever	god	bless	fantastic	in	world	greatest	all	time	great	tcb
the	and	what	performance	greatest	all	time	music	of	voice	fantastic
amazing	and	how	his	he	yet	wrong	another	come	brilliant	masterpiece	liked	but	do	as	have	of	them	to	is	not	there	call	back	together	proof	work	many	get	been	interpreter	a	me	great	bone	this
adore	the	in	and	biggest	sexy	song	elvis	singer	music	history	i	most	beautiful	this	hot	handsome
no	who	peace	come	was	man	the	here	by	to	ever	rest	see	entertainer	elvis	god	that	will	in	world	one	greatest	sent	this	close
and	old	rickey	over	40	must	have	song	james	burton	is	from	years	elvis	stolen	nelson	rocks	this
and	his	be	if	he	still	others	was	for	the	stealing	nothing	here	him	has	to	is	not	are	always	it	music	would	will	they	more	king	all	compared
get	any	better	my	one	favorites	of	perfect	pure	fantastic	gold	ca
and	he	records	was	the	but	adam	backing	singer	orchestra	use	john	made	from	strings	what	faith	superb	pizzicato	a	barry	really	great	pop	good	so	technically
and	aunts	about	my	up	was	you	i	for	late	born	the	but	heartfelt	as	thank	preferred	60s	thought	orbison	uncles	always	songs	elvis	50s	grew	raved	they	s	in	were	with	more	genuine	roy	this	sung	emotion
performer	and	feeling	his	generation	if	my	favorite	solely	for	talent	the	sure	of	on	based	would	were	been	roy	popularity
in	the	and	there	unlike	songs	no	today	60	soul	music	50	from
baritone	bass	his	if	he	was	i	tenor	or	know	complexing	soprano	singer	voice	not	talented	that	a	so	did
feeling	about	and	being	i	know	to	not	lonely	now	alone	listened	depressed	right	bit	a	then	roy
only	wil	his	live	the	of	we	on	legacy	to	is	lonely	continue	that	will	work	a	classic	enjoy
stuff	my	the	feelings	expression	lyrics	completely	from	agree	thanks	o	into	nice	great	big	converts
16	loves	until	my	roll	old	rock	knew	was	i	never	on	like	to	orbison	n	what	her	she	music	exposed	artists	year	right	daughter	great	good	this
16	and	my	old	i	begin	kind	song	hope	of	like	to	is	wow	love	years	age	day	wonderful	will	one	really	those	which	this
he	was	you	the	ones	know	singer	missed	young	what	t	god	bless	they	fantastic	a	all	don	roy
amazing	tour	about	and	road	his	be	my	he	truly	1988	venue	tears	was	forgotton	the	brings	have	song	start	1989	never	rip	uk	way	centre	westover	to	town	bournemout	when	first	that	would	in	home	been	away	a	pavillion	passed	bournemouth	roy	december	january
performer	and	jr	be	my	visited	yes	old	boys	you	i	their	at	the	die	house	next	henderson	2010	never	person	down	to	stood	is	both	looking	cash	location	love	music	door	wonderful	will	in	sir	site	tennessee	burnt	a	all	roy	family	man
pleasure	always	a	classics	upon	like	it	this	stumble	to
orbison	love	his	forget	your	an	forever	never	roy	cherish	i	music	you	man	will	magnificent
the	totally	unique	song	period	beautiful	late	has	to	beat
style	own	his	he	all	a	awesome	was	had	that	range
invent	my	wine	live	please	the	self	oh	mediterranean	him	drinking	to	made	machine	want	listen	time
agree	always	then	back	could	i	wished	live	100
and	up	just	i	for	english	ago	song	2	looked	love	now	assignment	it	minutes	searched	homework	a	this
germany	and	my	this	can	you	i	at	the	feelings	mum	vulnerable	do	ago	understand	like	to	is	from	totally	are	there	love	your	years	songs	cry	when	music	that	make	listen	more	away	all	very	then	passed	dare	two	man	seldom
and	stuff	roll	just	some	rock	folks	played	i	the	hear	have	glad	heart	hope	of	like	to	has	does	any	young	maybe	real	world	today
about	be	you	i	out	the	sure	album	know	as	have	ago	so	song	long	on	to	not	through	moved	always	your	ended	an	years	it	dig	baby	will	remember	talking	find	think
when	actually	back	you	had	to	sing
now	like	music	great	i	wished	country	this	was	is
play	radio	and	again	rock	i	for	hear	never	we	is	thank	believe	music	sucks	sirius	god	that	will	they	real	true	today	junk	this	youtube	country
and	hank	disc	for	gold	the	single	locklin	him	of	by	to	ever	songs	recorded	one	a	selling	top	beautiful	great	most	country
the	ai	love	stuff	do	not	no	classics	just	old	these	country
and	such	delivery	another	i	the	do	legend	have	song	locklin	ivorys	had	on	voice	cramer	always	believe	floyd	loved	that	a	this	distinctive
and	my	favorite	25	can	i	anything	the	to	is	ever	m	t	stand	music	go	today	classic	this	country
and	dad	kind	love	my	mom	it	western	music	of	i	this	is
in	and	with	school	love	years	old	music	17	am	falling
about	my	still	was	banging	out	i	the	kitchen	got	of	incredible	from	dad	when	music	in	recordings	this
jukebox	infomercial	about	love	on	hits	an	song	tv	heard	it	i	this	country
everyone	many	his	knows	years	who	yet	best	really	come	him	amen	god	for	blessing	to
many	with	hank	hits	well	classic	it	thank	great	you	so	country	did
the	ever	on	funniest	comment	i	saw	this	lmao	is	youtube
only	and	post	my	no	just	d	i	liked	ricky	on	has	it	o	shared	a	photo	lie	me	let	this	facebook	youtube
young	nice	friend	have	a	laura	very	i	girl
in	bad	mood	my	laura	a	when	hates	it	she	i	sister	this	to	sing
named	my	still	least	was	i	means	after	but	why	song	to	not	something	it	quite	grandparents	this	at
no	nowadays	barely	music	you	listen	to	like	background	words	wow
love	songs	just	old	i	those	to	listening
friends	but	grandpa	my	childhood	he	serious	was	great	i	think	this	is	did
the	but	has	still	song	fogerty	of	i	think	john	this	like	best	version
and	love	hearing	time	first	heard	knights	it	was	of	i	1	this	gladys	version
and	tired	over	you	i	song	never	john	to	are	that	listen	right	get	could	so
sharing	much	my	one	all	time	favorites	you	of	for	this	so	thank
posting	used	you	for	sure	do	favorites	of	them	has	like	to	thank	shame	always	what	make	they	been	one	a	this
get	love	better	just	old	awesome	never	dies	it	really	i	this	like	country
the	sharing	my	childhood	favorite	this	behind	you	for	man	screen	thank
posting	for	the	know	robertson	by	way	on	does	is	video	piano	it	thanks	that	nice	don	anybody	this
the	posting	songs	old	really	enjoy	thanks	for	wonderful	listening
post	old	you	for	ca	keep	song	fashioned	of	down	to	see	young	thanks	fans	many	a	great	good	this	so	country
real	and	to	again	sound	once	time	advice	back	some	i	this	replying	am
how	no	times	i	hear	song	matter	best	love	it	many	pop	its	this	at	country
and	about	temptation	be	i	after	uncomfortable	the	but	faithful	as	lyrics	know	song	of	to	is	losing	sentiment	it	that	married	will	make	infidelity	true	a	all	great	think	could	this	anyone
opinion	only	and	my	version	the	but	well	locklin	is	too	that	in	a	one	great	this
do	here	performance	nowadays	used	stars	rock	great	like	to	make	they
in	real	and	t	people	don	have	27	taste	music	good	country
just	some	i	anymore	but	do	of	like	is	mean	what	it	music	get	today	happened	country
and	low	over	do	have	why	we	like	now	hip	music	meaning	take	days	a	let	pop	this	life	rap
transplant	and	times	i	for	after	am	man	song	heart	of	to	listening	that	would	even	500	with	a	stone	convinced	this	appreciate	ask
only	with	daughter	love	years	my	dance	song	2	old	can	music	she	this
feeling	hear	his	friend	my	songs	better	once	when	low	feel	englebert	i	best	am	is
with	last	have	a	could	i	special	waltz	wish	someone
and	his	he	woo	song	voice	is	touching	love	also	what	now	forever	handsome	a	then	me	beautiful	could	so
where	my	who	global	i	for	feelings	became	do	know	legend	suddenly	start	superstar	of	to	voice	star	wonderful	true	a	then	artist	explain
and	he	than	come	brilliant	englebert	for	the	do	song	well	of	best	much	better	they	course	a	me	sung
in	love	again	what	a	peace	song	doc	beautiful	fall	i	would	to
the	love	songs	my	t	old	can	it	i	for	change
love	nice	always	a	happy	song	me	it	that	make
the	how	such	a	melody	describes	actually	age	was	great	golden	that
know	my	t	one	as	beautiful	could	i	didn	god	darling	you	so	make
the	ever	only	and	songs	one	beautiful	of	think	i	that	this	most	by	englebert	is
everyone	loves	true	legend	sang	a	who	song	beautiful	by	to	belongs
someday	my	have	dance	song	wedding	i	would	this	to	at
touching	many	and	compose	do	any	songs	nowadays	is	decades	beautiful	memorable	that	after	so	not	they
the	dancing	around	strickly	brought	here	a	favorite	just	first	me	time	come	was	family	this
the	are	nice	also	songs	as	whenever	still	time	passed	by	same	so	any
how	genre	lover	just	can	music	of	beautiful	this	like	not	any
amazing	and	such	up	just	feel	you	for	waltz	the	mesmerizing	lyrics	11	song	of	10	on	like	to	voice	much	love	undoubtedly	an	amazingly	it	music	superb	scale	makes	dance	thx	beautiful	great	getting	1	this	so
and	his	few	was	come	i	ago	song	to	see	love	what	always	it	music	concert	days	dream	true	a	very	beautiful
his	my	he	i	for	the	have	singer	of	best	is	love	always	songs	they	been	a	part	me	life
the	ever	romantic	sweetest	be	songs	one	peace	song	got	of	most	this	has	to	wow
and	break	my	up	everyday	i	man	start	to	is	lonely	love	a	then	me	wake	this	life	without
stratosphere	original	melody	records	this	i	quando	parrot	1967	engelbert	version	the	of	by	innamoro	blasted	from	m	comes	obscure	panzeri	cassani	course	in	into	maro	then	really	beautiful	think	italian
his	my	why	grandmother	can	music	i	understand	pure	this	loved	beauty	is
the	with	songs	my	favorite	mom	up	still	know	all	lyrics	beautiful	these	grew	artist
and	learn	my	favorite	old	was	i	hear	know	song	to	is	from	yrs	when	it	cousin	our	14	family	beautiful	6	this
the	ever	one	existed	voices	of	most	that	has	magnificent
just	some	these	out	by	to	found	modern	are	songs	artists	that	generations	were	all	today	classic	appeals	sung
more	songs	today	could	i	this	like	make	they	wish
on	forget	my	no	record	when	me	never	walked	was	i	out	this	will	1	wife
the	and	love	freedom	ones	presence	i	of	loved	cloudy	both	any	mornings	from
appear	in	ever	and	stay	mankind	ones	songs	one	forever	of	those	that
old	i	golden	for	the	us	describes	song	of	always	years	age	loved	that	many	this
ever	romantic	a	song	classic	romance	happened	2019	to	listening
even	listening	with	genre	have	a	nowadays	still	song	music	meaning	i	teen	this	am	not
cause	arms	to	painful	till	no	song	hold	me	loving	i	day	this	so	make
up	tired	the	song	never	of	to	listening	from	grew	soulful	in	world	get	number	one	voices	beautiful	most	this
in	mans	lost	songs	be	time	cloud	will	never	great	thanks	this	computing	to
amazing	and	uploading	a	truly	song	classic	you	for	voice	thank
do	again	break	if	up	wake	everyday	try	you	sleep	to	not	want
its	he	have	should	song	eurovision	just	class	for	this
looking	the	lyrics	song	old	can	power	without	i	of	this	at	is	days	sing
and	he	i	care	singer	got	them	to	wife	too	love	your	god	bless	take	sing	a	all	family	good
irreplaceable	music	very	untouchable
guys	just	else	i	talent	please	the	but	off	know	like	video	songs	t	s	don	profiting	good	someone
about	be	he	up	worlds	can	cruel	i	the	as	singer	best	to	made	ever	love	ended	worst	ironic	it	that	sing	reckon	with	a	punishment	life	so	wish
lonely	love	as	a	is	its	man	not	without
the	are	only	real	who	song	heart	can	of	understand	those	this	broken	beauty
every	and	again	few	between	just	hi	clip	i	these	anymore	everyone	the	feedback	do	have	them	watched	has	to	left	like	are	read	thanks	memories	that	make	far	each	days	they	one	all	appreciate	this	messages
real	and	performed	a	perfectly	musicians	song	underrated	crafted	class	pop	massively	this	is
and	harmonies	once	can	you	tune	hear	it	hum	catchy	sing	intro	lovely	record	proper	pop	big
he	happy	guy	when	sings	great	tune	this	so	is
the	ever	and	70s	songs	one	such	written	come	of	out	pop	class	to	best
love	happy	song	me	feel	i	january	this	to	listening	make
play	germany	these	for	am	the	weeks	europe	honeymoon	in2	on	any	hey	classics	1st	thanks	that	message	tips	in	our	clubs	time	scan
posting	comments	editing	and	worthwhile	for	watching	it	these	thanks	that	this	like	make	video
naturally	intro	impossible	an	almost	ignore	it	intoxicating	that	to	so
and	lyrics	harmonies	your	good	etc	can	heart	singers	out	that	adele	eat	sing
in	the	be	hits	a	dance	up	should	is	classic	it	really	soul	this	millions
ever	masterpiece	intro	an	match	classic	never	this	will
every	may	and	accurate	my	just	old	heard	elle	for	tune	especially	the	single	lyrics	so	of	is	grace	written	her	she	1st	describing	daughters	in	name	21yr	one	time	this
and	harmonies	little	just	you	the	as	have	song	maker	uk	made	is	love	always	will	in	number	one	trust	great	this
the	intro	nice	be	better	ruins	orchestration	tune	would	singing	any	without
the	compose	love	guys	this	song	beautiful	could	most	those	music	i
something	with	there	do	if	song	wrong	you	this	like
in	only	the	appreciated	song	really	carolinas	this	is
the	eh	and	words	love	my	song	heart	dying	by	this	is	slowly
are	too	vocals	her	beautiful	for	words
loss	learn	early	some	you	song	hope	of	to	katharina	consolation	too	your	sorry	far	in	find	sweet	this
and	my	still	ruby	can	i	50	for	the	heaven	hear	we	thank	love	her	singers	loved	s	60	in	youtube	80	proper	so
in	the	hit	been	have	a	should	song	usa	beautiful
but	a	people	song	beautiful	for	this	retarded	is	version
the	teresa	one	greatest	all	time	lady	singer	was	of
spend	mockingbird	woman	have	evening	hill	on	to	talented	would	fantastic	brewer	with	nice	been	lovely	a
and	mary	original	paul	be	teresa	sang	up	still	wrong	early	some	was	50	late	alongs	mitch	the	covers	sixties	page	mocking	using	of	hill	dinah	like	to	shore	are	something	miller	missed	ford	it	bird	she	will	interpretation	sleepy	sing	were	into	brewer	hits	a	today	lullaby	wake	sad	beautiful	les	patti	instead
there	called	be	if	a	it	was	great	place	hill	would	mockingbird	is
america	one	found	rip	singers	of	icon	not	anymore
songs	all	recordings	her	another	of	you	loved	wonderful	thank
listening	love	lovely	my	a	favorite	peace	lady	her	of	mind	this	has	to	voice	is
only	cheezoid	who	likes	wrong	used	was	i	the	have	glad	superiority	to	not	lol	something	now	music	complex	with	one	a	me	think
again	teresa	miss	no	a	have	one	you	that	like	will	voice
in	dynamite	or	be	miss	my	little	oldies	book	singers	of	replaced	topped	ca
the	loping	sweetest	nice	teresa	what	a	was	gentle	version
only	if	just	you	wo	i	the	do	notice	permission	way	on	give	is	it	would	they	were	docambra	could	remain	youtube
the	ever	earth	get	nearest	heaven	we	on	to
earth	and	no	almost	you	out	unbelievably	of	on	like	are	too	much	handsome	world	billy	one	sings	its	this	so
the	mardi	billy	any	eckstine	one	a	gras	come	of	by	has	to	copy
were	and	with	unique	so	voices	vaughan	sarah	their
his	what	always	a	beautiful	loved	voice
play	and	such	he	you	i	out	man	gives	do	so	song	goosebumps	of	them	much	when	76	handsome	world	get	lovely	a	me	beautiful	this
and	your	eyes	just	perfect	follow	that	close	listen
hit	5	no	another	1954	you	was	for	single	but	called	as	eckstine	him	by	is	from	timeless	it	in	billy	one	a	classic	top
in	and	heavenly	have	he	song	met	was	could	i	this	looks	man	handsome	wish
posting	be	no	he	justice	another	was	i	you	for	exquisite	unique	do	have	song	remarkable	never	him	like	to	voice	thank	words	mans	there	that	would	will	this
the	posting	what	a	great	you	for	wonderful	voice	thank
the	and	one	truly	a	recordings	singer	sinatraphile	of	great	by	male	this	any	from
the	ever	fabulous	p	billy	voice	what	a	song	underrated	r	singer	beautiful	most	i
in	the	one	who	lived	time	1930	magic	knew	music	most	history	1970	to	any	from
the	piece	know	one	who	this	played	beautiful	on	mandolin	any	exquisite
ever	there	better	guy	than	anybody	was	this
his	be	no	you	but	him	of	like	voice	wow	what	renamed	wonderful	a	one	should	rendition
in	the	with	blood	a	flesh	played	tune	wonderful	thompson	movie	carlos
the	romantic	with	noisy	true	what	a	difference	hearing	tunes	music	we	this	is	keep
girl	love	my	today	you	nine	baby	granddaughter	is	days
the	end	what	musical	it	that	at	is	makes
everywhere	radio	and	be	roll	used	rock	played	the	enough	became	have	before	long	we	on	to	is	respectable	crap	day	listen	all	this
as	be	should	music	pop	this	good	is
the	environmental	did	town	impact	an	statement	she	had	whirl	file
in	scary	only	and	with	love	its	12	song	i	that	this	am
everyone	hear	a	lot	song	should	i	this	like
pissed	came	if	greeted	i	am	or	trump	care	do	group	here	by	to	not	is	from	political	donald	when	it	that	message	listen	belong	they	ads	a	epic	hillary	this
takes	my	who	just	you	have	literally	song	son	exercise	your	when	that	away	a	needs	breath	says
and	be	lies	given	the	scary	of	future	to	stupid	what	names	when	new	back	whose	adults	hands	they	in	were	into	world	beings	brought	bringing	playthings	human	incredibly	consider	beautiful	think	instead	adult
told	always	my	parents	song	me	was	that	this	baby
and	exactly	favorite	old	i	the	told	next	song	him	has	to	is	an	new	door	nine	that	baby	listen	days	a	all	guy	time	this
where	cell	on	my	song	can	put	download	i	this	to
in	the	real	no	insinuations	just	back	lyric	music	great	day	from
the	50	n	go	roll	rock	music	white	pop	pure	boo	from
and	still	was	i	for	ca	song	is	dislike	there	believe	when	new	it	one	great	this
the	naughty	shady	have	different	well	very	lady	of	could	these	connotations	lane	days
play	and	my	favorite	times	such	still	almost	ruby	heard	i	the	have	singer	rip	of	couple	voice	from	first	her	it	met	music	she	loved	lovely	a	all	time	lady	often	did
about	and	jimmy	his	came	my	he	was	nana	out	17	accident	the	scary	bike	song	15	best	from	story	when	she	year	name	motor	died	friend	a	very	this
jimmy	always	my	such	a	song	when	friend	goodbye	beautiful	i	tell	this	sing
said	the	vale	because	songs	my	just	jerry	posted	was	you	i	of	channel	had	found	guessing
where	vale	yes	was	you	i	commented	know	have	ago	figured	song	long	on	like	seems	first	it	would	a	time	jerry	this	did
and	loves	5	my	he	old	room	i	the	song	living	we	to	when	her	it	she	year	sing	in	go	daughter	weak	swing	dance	sway	this	says
the	and	get	my	up	highest	me	it	music	volume	by	on	to	startled	leave	at
show	used	being	en	i	after	writer	apart	because	heaven	called	here	el	us	song	of	couple	ti	is	to	years	her	met	that	arte	work	fantastic	in	a	beautiful	this	so
16	and	old	can	some	i	type	please	him	of	like	na	singers	music	name	me	legendary	this	anyone
only	learn	he	heard	i	english	the	lyrics	song	we	thought	when	first	in	said	go	weak	time	say	sway	later	this	did
and	cuban	coffee	partner	my	just	old	i	the	need	draw	of	faster	imagination	an	chocolate	in	world	without	life	cigar	disturbing
where	cases	original	few	than	the	lyrics	of	not	translation	are	better	new	in	one	a	all	language	at
the	only	ever	with	more	always	be	have	he	us	singer	will	we	for	tech	best
dancing	and	my	favorite	feel	headphones	i	am	or	song	we	down	on	is	are	what	dean	when	pretend	a	bit	sad	put	this
many	love	what	so	song	new	versions	it	was	of	out	year	this
and	my	who	sang	was	i	father	do	know	sometimes	so	song	before	by	to	not	it	lately	listened	loved	its	beautiful	which	this
and	original	i	spanish	version	the	but	michael	prefer	like	buble	voice	dean	in	martin	one	really
the	in	and	have	a	carnations	heard	can	bottle	come	of	i	champaign	some	voice
curtis	and	tony	discovering	he	just	pleasant	least	at	resembles	to	voice	now	thanks	in	photo	this	youtube
and	his	such	who	being	was	the	as	need	dickie	well	backing	singer	of	voice	looking	singers	music	melodic	in	true	a	one	valentine	great	good	so	did
terrific	and	performance	new	me	to
original	frankie	sang	my	vaughan	the	hotel	of	had	uk	couple	local	strength	crown	door	gilmorton	green	in	hits	a	very	charismatic	big
slot	1952	certain	my	frankie	mr	some	vaughan	was	i	male	for	vocalist	vocalists	voted	the	presley	international	called	running	dickie	uk	to	from	comment	now	further	years	elvis	taking	that	previous	in	find	with	1958	a	guy	top	valentine	nme	poll	6
just	i	for	version	the	but	of	way	like	best	voice	is	totally	fury	unacceptable	right	billy	flowed	a	me	this
there	billy	know	version	a	fury	song	predating	was	of	this	not	did
in	the	1955	about	but	popular	listed	my	charts	us	very	uk	on	not
and	pleasure	you	for	channel	sincerely	so	song	on	to	thank	video	sharing	discover	much	your	hello	congratulation	in	a	great	its	this	france
how	break	songs	my	now	regret	heart	never	music	enjoy	these	i	ancient	like	will
mans	stops	your	when	whose	you	texting	not
play	every	the	song	time	greetings	form	i	netherlands	this	am
the	release	but	original	not	well	it	done	this	is
the	who	actress	first	me	can	tell	anyone	is	video	from
and	voice	be	a	never	she	forgot	gorgeous	hello	will	fantastic	woman
and	my	a	almost	song	like	tears	can	sad	she	eyes	life	bring	is
crowd	i	the	had	is	end	believe	first	actor	that	movie	in	tragic	a	really	great	image
world	mean	for	if	a	song	me	it	covered	i	you	would	this	to	listen
the	ever	seen	have	song	of	i	great	course	best	is	video
amazing	sironaca	and	70s	be	generation	still	forgotten	was	you	these	for	historical	anymore	the	brenda	or	but	buried	know	have	happy	song	never	of	like	thank	not	is	60s	much	songs	what	an	new	forever	74	music	she	god	would	that	ending	30s	in	real	been	all	very	lee	alive	youtube
the	men	and	real	world	inverted	a	one	women	upon	once	time	nowadays	of	not
love	always	this	song	to	will	listening
even	because	last	better	as	my	treat	it	everyday	enjoy	i
everything	love	departs	when	fades
the	about	with	much	more	lyrics	feel	her	emotional	so	voice
the	and	oh	greatest	then	was	another	i	think	that	this	same	to	listen
only	around	the	but	song	of	on	has	is	not	end	love	her	meaning	same	many	world	which	life
about	forgets	repay	who	no	can	was	you	i	for	anything	everyone	the	single	pay	know	here	have	hoping	selected	sees	person	to	is	not	lol	are	might	love	what	your	it	together	done	wanted	that	outstanding	work	help	meaningful	in	shots	time	say	put	great	this
and	who	brenda	song	singer	to	not	love	it	thanks	day	listen	all	lee	could	great	this	youtube
and	right	to	holy	on	came	next	just	her	me	serious	crap	i	this	felt
the	ever	on	seen	have	tube	you	i	this	best	is	video
be	i	index	movies	know	of	them	to	see	an	it	would	interesting	all	most	those	actors
many	how	love	people	so	song	it	relevant	this	to	is	wow
sironaca	and	10m	people	little	just	you	change	the	but	communicate	here	have	song	of	we	way	not	is	thank	knowledge	there	love	much	it	that	wonderful	fans	in	many	language	voices	lady	this	so	without
such	who	effect	enough	hear	song	had	on	has	are	an	it	relationships	in	funny	all	including	those	this
the	world	all	song	over	this	best	is
technique	only	go	weak	have	when	sway	you	we	i	that	magic
martin	may	much	how	your	he	dean	soul	god	bless	wonderful	so	is
and	urge	xd	up	train	headphones	i	for	at	the	platform	down	to	listening	walk	trying	in	waiting	fight	dance	this	failing
the	only	who	this	could	pure	man	gold	sing
the	democrat	hear	violins	everytime	bs	starts	a	can	spewing	of	i	sound
and	about	how	people	talk	i	sun	the	because	guess	song	flower	things	to	words	rising	interpret	light	darkness	in	a	me	this	different
young	always	songs	a	such	her	she	had	from	child	loved	especially	voice	fantastic
and	faces	70s	natural	music	of	attraction	best	beauty	full	60s
green	ever	listener	much	a	have	very	sings	it	i	these	good	on	appreciate	am	is	youtube
about	and	storm	people	no	clip	i	singing	at	the	but	do	song	of	by	showing	has	to	there	mean	what	birds	she	artist	snow	movie	in	with	get	a	then	sings	stars	great	two	sung
and	how	racism	lived	i	have	hanged	never	lol	during	sometime	mind	would	remember	been	probably	then	time	this	so	wish
the	every	single	with	and	voice	little	can	great	you	understand	girl	word	big
heartbreak	it	beautiful	pain	suckers	makes	sound
the	present	look	and	past	much	do	more	always	people	why	beautiful	of	so	handsome	from
romantic	love	a	song	sad	beautiful
feeling	and	original	my	difference	than	least	i	for	skeeter	at	version	the	but	seeing	song	of	davis	way	like	to	is	made	too	better	what	her	she	that	puts	makes	in	more	a	one	me	good	this
in	are	pretty	more	women	intelligent	beautiful	later	nicer	days
the	ever	wonderful	have	song	heard	of	i	this	best	version
every	a	reason	all	should	have	moment	cherish	we	this	is
the	many	silver	stars	beautiful	thanks	for	on	screen
and	takes	again	if	up	some	i	recover	breaks	live	version	hear	song	of	down	things	like	to	is	young	love	relationship	when	it	bogged	everything	true	one	a	very	feels	although	time	sad	beautiful	good	this	says
sironaca	and	silver	brilliant	for	compilation	compliments	the	of	to	her	hard	genius	work	greatest	pure	screen	actors
women	list	over	men	shown	sophia	of	add	video	montgomery	extra	a	could	this	without	and	few	ladd	stumped	being	was	for	but	glen	well	to	addition	veronica	it	would	name	all	picture	offhand	stars	tracy	able	did	be	if	can	i	golden	the	stills	past	do	song	from	ford	age	spencer	wonderful	wayne	credit	alan	great	clift	though	james	john	by	dean	movie	get	nice	half	me	barrymore	hollywood	someone
love	if	me	let	you	i	would
people	some	i	their	at	ability	the	song	of	understand	we	things	point	has	to	are	unable	music	meaning	would	in	express	think	most	this	life
in	love	also	nothing	my	belief	reflects	first	it	music	god	this	life	is	without
you	movies	please	the	know	advance	pictures	to	does	thank	comment	tag	in	with	corresponding	time	anyone
and	how	saying	1963	feel	was	out	i	kind	song	never	of	living	incredible	like	missing	released	it	27	that	makes	in	a	time	me	this
thought	are	planet	always	song	i	this	not	from
and	working	for	abandant	the	selves	eternal	so	why	welbeing	of	we	to	is	reward	through	are	grace	see	receive	hard	that	blessing	recognition	work	our	waiting	a	welfare	promise	divine
and	always	doing	sounded	it	she	could	great	sing	anything
until	gaming	playing	singing	did	know	song	not	bethesda	started	it	thanks	automatically	in	with	this	fallout	personally
thankfully	much	songs	for	as	so	is	it	listened	goodnight	i	that	to	you	thank
recommended	me	some	gold	youtube
and	his	holds	actress	clip	over	cigarette	man	the	know	of	does	an	she	glass	background	in	name	with	hand	a	one	photo	this	anyone
but	be	sorry	time	like	can	will	hearts	mended	i	you	x	broken	hurting	am	help	anything
and	hit	little	out	the	brenda	dopamine	of	however	place	best	collection	seems	music	singers	otherwise	outstanding	in	real	world	a	lee	this
be	if	people	some	was	i	the	photos	of	video	recognized	names	posted	it	would	in	nice	think
who	list	can	forgotten	you	i	am	the	but	hear	assured	of	to	not	is	rest	your	sorry	she	loved	that	one	all	so	restore
were	real	and	slides	too	here	always	be	some	really	stars	great	these	will
sironaca	just	i	these	movies	job	the	why	song	iconic	special	is	video	love	seen	perfect	that	they	with	go	beautiful	great	images	most	this	so
love	always	true	a	yes	singer	loving	great	person	you	to	emotion	full
150	and	how	you	i	for	singing	at	the	do	song	entire	duration	fry	cutter	of	is	young	boring	singers	crop	they	sing	many	with	get	emotion	blame	a	vocal	teachers	this	cookie	so	mph
the	came	have	time	really	it	could	i	out	experienced	this	at	wish
the	but	look	and	not	more	distinguish	years	me	it	beautiful	of	gone	by	actresses	is	did
about	actress	up	dark	can	you	close	the	know	way	on	does	is	through	video	thank	see	face	when	her	haired	one	half	featured	youtube	anyone
dynamite	and	no	little	women	peace	just	some	i	the	men	miss	us	of	had	by	has	to	voice	love	an	it	music	she	god	one	all	second	voices	me	sent	great	angel	anyone
the	with	a	lot	song	really	great	of	could	sing	this	interpretation	emotion	wow	woman
one	up	human	some	me	wake	i	angel	dreaming	slap
and	u	k	fits	d	for	their	the	song	pictures	video	story	face	new	o	s	with	nice	a	very	expressions	put	those	tell	whole
the	end	touching	world	genuinely	around	this	song	when	chen	never	to	sung	will	listening
and	feeling	be	just	can	was	the	us	glad	heart	we	joy	left	voice	from	her	she	briefly	leave	with	shared	beautiful	this	life
much	moments	song	beautiful	you	these	i	for	this	like	so	thank	3
and	hit	absolutely	sang	lot	come	i	version	like	to	voice	her	she	that	quite	a	very	which	monumental	unusual
the	are	distraction	a	song	huge	great	images	arrangement	jumping	poor
and	my	still	feel	brilliant	the	everyone	but	song	heart	thinking	changes	things	best	lost	that	will	makes	even	happen	its	all	happened	really	sad	good	wish
touching	ever	hear	such	a	song	before	it	i	had	wonderful	so	words
the	what	songs	melancholy	use	of	these	give	is	full	sorrow
and	stops	if	times	yet	devastated	come	the	as	so	does	is	not	when	it	that	world	one	feels	time	really
dynamite	few	little	can	was	i	the	as	perform	singer	modern	love	believe	her	she	superb	a	very	today	could
many	and	couples	overlapped	with	heavenly	a	song	beautiful	3	legends	so	screen
hear	again	kind	performance	melody	unbelievable	never	will	you	of	this
every	herself	and	hit	torch	my	sang	barely	just	younger	understood	still	list	i	these	anymore	at	brenda	sure	or	the	but	do	lyrics	singer	favorites	of	by	them	heartstrings	songs	always	she	will	set	make	they	in	were	goodness	home	one	all	fifteen	reality	time	lee	think
and	you	i	am	protect	wherever	to	asking	are	friends	always	god	offering	bless	our	all	dear	beautiful	3
amazing	and	absolutely	my	tears	the	brings	of	to	voice	see	story	what	songs	an	eyes	her	makes	me	beautiful
and	if	people	you	i	apart	powerful	the	know	lyrics	so	why	song	of	understand	to	is	love	movie	listen	meaningful	many	been	soundtracks	really	this
are	and	a	total	lot	this	music	todays	of	singers	garbage	to	compared
the	are	ends	love	yes	affair	a	when	it	moment	him	you	separated	that	by
about	frames	between	i	am	sure	the	off	not	is	video	strange	music	putting	fantastic	very	most	transition	so
tire	and	feeling	than	heard	you	50	for	the	brenda	heaven	have	singer	never	of	we	like	to	voice	listening	love	years	her	she	real	more	a	sounds	lady	great	this	emotion	full
amazing	and	you	emotional	the	so	song	goddard	by	way	is	thank	video	ever	much	what	an	it	paulette	at
and	such	brilliant	you	middle	million	version	the	of	choir	left	voice	thank	stereo	strings	piano	perfect	in	ear	right	lovely	a	classic	this
the	last	against	his	as	stand	a	glorious	tyranny	battle	misunderstood	vigilante	gun	ensues	makes
voice	have	an	actress	heard	never	was	of	i	she	this	fantastic	woman
the	in	but	opinion	original	better	my	i	this	like	is	flows
every	romantic	and	horny	story	classy	better	love	a	nowadays	than	song	still	almost	describe	which	rebellious
lil	dynamite	and	only	called	miss	a	one	why	shes	her	that	they
and	originally	skeeter	job	brenda	the	brings	song	by	on	does	to	it	same	a	great	this	sung	davis	emotion
the	cant	more	one	have	today	she	was	of	we	this	like	greats
and	certainly	who	fits	at	the	know	well	song	singer	does	is	film	it	star	superb	in	with	a	anyone
the	every	be	roll	vocal	almost	song	her	female	rock	best	of	will	version
recognize	a	very	unforgettable	can	anybody	cute	at	woman
amazing	and	deliver	was	seemed	vocalist	at	signature	comfortable	of	had	special	to	voice	from	an	effortlessly	her	vibrato	she	presence	concert	ease	prodigy	command	a	child	flat
post	again	yes	come	i	boomer	sadly	the	but	do	ones	lyrics	have	like	is	not	doubt	shame	are	era	ever	there	young	songs	war	an	same	baby	will	they	in	lovely	a	today	time	really	seem	this	experience
and	pace	photographs	effect	white	coupled	version	the	long	sadder	add	slower	easily	magic	best	voice	is	to	by	from	plaintive	too	hey	sparkle	her	gone	enhance	days	with	black	lovely	this	moodier
and	how	can	you	i	but	do	know	to	is	video	thank	what	create	audio	wonderful	with	all	say	great	this	did
books	learn	know	if	song	you	this	messages	english	from
but	and	not	grandpa	my	song	send	either	me	it	great	good	this	is	wow
the	until	good	song	is	commercial	heard	never	samsung	hilarious	which	this	somehow
how	be	just	can	i	out	sound	the	but	wonder	happy	of	to	listening	retarded	newcomers	much	older	it	music	makes	listen	get	more	turn	me
jeans	glory	how	on	his	as	a	he	up	morning	can	put	wakes	soon	man
the	funny	radio	and	gets	how	michael	as	legend	a	though	still	played	on	regarded	is	jackson
himself	about	and	how	he	co	crowd	tunes	some	knew	which	sadly	the	wrote	but	sell	know	behind	him	we	history	on	to	made	is	rest	look	also	back	crap	plus	day	that	in	get	a	all	great	stage	did
people	over	these	their	gary	the	song	not	is	are	throwing	days	into	world	cds	probably	dustbin	all	glitter	great	so
lol	much	do	leader	be	your	very	of	i	gang	you	to	thank	want
everybody	about	just	nonce	liking	the	us	got	of	rest	are	an	when	honest	music	they	excuse	a
the	care	love	what	t	don	he	always	song	will	done	music	i	has	remains	same
the	committed	are	people	who	can	enjoy	music	sick	crime	not	discussing	without
and	gen	more	parents	my	this	wish	used	funky	music	of	i	god	for	was	instruments	thank	wow
and	performed	few	times	tunes	being	i	significance	the	but	frankly	do	as	sort	song	exceptions	of	has	like	good	is	seventies	nicely	not	made	any	something	what	nowadays	it	music	meaningful	in	find	with	nice	a	one	all	cool	rhythm	this	those	signified
shows	and	stay	how	tavares	my	people	just	i	man	talent	the	community	group	perform	song	moving	living	like	best	love	your	brothers	sing	in	many	black	could	this	life	swoon	did
and	song	classic	heard	amazingly	thank	music	beautiful	you	gorgeous	this	titans	is	from
every	supernatural	hear	certain	a	time	of	i	think	this	scene	from
car	up	can	i	the	song	titans	listening	to	is	fire	from	see	now	star	waking	in	all	this
in	titans	and	love	kind	songs	series	heard	of	i	this	am	india	from
the	in	fade	then	taking	can	it	out	i	like
sharing	real	and	right	around	here	my	mom	me	playing	music	thanks	good	to
the	ever	structured	be	song	best	heard	got	i	this	has	to
the	are	many	original	how	tavares	know	curious	now	members	still	of	i	living	to
supernatural	here	happy	me	you	yeah	bought
our	the	foundation	around	know	us	all	reason	values	principle	wings	angel	we	for	creation	moral
the	dancing	era	love	dance	best	it	disco	i	for	this	to	is
only	romantic	and	couples	dancing	around	be	my	up	beethoven	fever	lot	elaborate	princess	i	out	disco	after	saturday	arm	at	version	the	or	fires	ship	heaven	must	have	though	so	song	happy	of	fifth	on	like	to	cruise	is	see	imagination	love	missing	an	it	walking	would	even	in	sea	a	one	say	night	beautiful	most	angel	kissing	this	beegees	gorgeous	boat	shoulder
and	how	still	can	over	i	sound	stil	not	look	they	handsome	were	get	all	great	good
the	real	priceless	pleasure	for	classic	age	music	of	golden	listening
drum	and	excellent	show	horns	have	a	perform	heard	college	band	this	line	percussion
can	i	for	masterpiece	am	but	kind	here	die	why	song	honestly	never	of	to	lol	will	listen	days	this
and	what	no	matter	timeless	will	music	you	remain	that	this	like	gold	is
in	the	with	see	here	comment	my	eyes	tears	you	i	future	this	leave
in	are	killing	and	voice	lyrics	my	eyes	tears	her	me	crying
in	and	earth	heaven	love	always	shined	ya	shine	beautiful	you	out	on	sing
in	much	better	songs	than	others	today	time	it	was	2019	i	this	so	wish	born
too	much	song	when	is	this	rain	listen	falling
and	just	heard	played	was	i	so	song	way	vivid	it	scared	in	awakened	dream	a	me	good	this
hold	myself	cry	me	i	these	legends	makes	ca
about	and	came	times	just	played	least	i	at	know	song	10	to	it	nice	this	so
old	representation	carpenters	their	the	never	of	privilege	to	is	better	songs	it	perfect	listen	even	in	get	gets	a	classic	time
bag	natural	up	can	being	you	type	singing	talent	the	morning	of	on	like	voice	pure	too	unlike	cat	what	spring	birds	whose	singers	in	with	more	paper	a	today	sounds	wake	beaten	beautiful
something	and	iconized	her	expensive	voice	is
and	while	my	than	old	heard	i	am	father	born	the	but	teenager	browsing	20	found	from	are	better	songs	year	in	a	this
the	unimaginable	how	as	sound	quality	should	note	notes	she	beautiful	of	to	voice	each	controls
amazing	with	year	be	a	all	time	was	beautiful	i	those	that	music	would	at	wish	born
move	my	you	out	please	the	as	sort	of	way	thank	comments	hey	box	it	that	youtube	blocks	could	texting
every	and	my	can	i	rare	english	but	hear	clear	so	understand	pronunciation	voice	word	is	not	nowadays	when	her	music	in	karen	tongue	mother	very	sings	which
where	he	can	the	heart	to	is	breaking	cry	when	her	it	make	they	get	part	me	really
the	mean	a	cry	why	song	little	bit	me	hell	surely	really	i	sad	this	not	makes
abroad	i	spend	am	at	english	the	happy	song	lyric	understand	is	looking	first	it	find	time	really	appreciate	studying	could	so	without
may	and	who	you	have	to	read	your	comment	bless	day	wonderful	god	a	family	those	this
and	my	who	damn	just	old	feel	likes	was	i	these	am	do	know	have	why	song	15	of	like	girl	not	kinds	songs	reincarnated	been	a	this	life	at	crying
old	was	i	these	born	the	do	oh	know	sometimes	so	why	backing	60s	songs	in	vocals	enjoy	beautiful	those	wish
the	butter	cant	running	still	over	describe	honey	voice
every	feeling	and	you	their	happiness	hear	song	of	on	comes	get	a	calmness	time	smile
about	and	their	lest	the	but	as	parents	have	of	them	on	to	is	look	era	what	listeners	songs	an	it	back	music	listened	truer	form	generations	will	they	in	funny	many	true	introduction	today	grandparents	say	youth	sad	think	its	this	so
in	because	to	learn	my	have	head	glad	it	stuck	i	choir	for	this	lol
only	with	yesterday	my	a	eyes	still	heart	like	close	different
the	only	in	world	love	ones	my	of	loved	remains
and	my	likes	i	but	has	to	voice	her	it	she	make	listen	daughter	a	sad	think	good	so
pleasure	who	people	given	brilliant	over	for	millions	the	museum	have	of	to	piece	art	what	artists	develop	world	a	vocal	all	time
karen	with	colorful	unique	nice	young	die	world	clear	so	this	song	still	beautiful	to	voice	from
in	memory	be	my	a	this	still	song	will	on	life	goes
about	and	his	my	heard	i	out	for	the	search	cause	became	song	him	to	friends	repeat	it	thanks	day	that	talking	favourite	crush	with	name	go	home	all	knowing	today	this	so	without
and	biggest	be	my	favorite	i	carpenter	am	practice	singing	singer	before	use	performing	of	had	by	on	to	what	always	her	music	effortless	will	far	karen	go	inspiration	own	been	all	time	recordings	pure	so
and	style	watching	he	given	was	these	i	for	after	their	success	singing	born	geniuses	but	responsible	clearly	him	iconic	to	not	is	much	her	it	that	gift	even	were	credit	with	documentary	a	one	learned	creation	two
the	ever	voice	have	greatest	female	heard	i	down	hands
nonsense	what	a	now	all	timeless	music	not	days
the	darkness	but	world	to	surrender	never	cruel	i	short	life	will	is
pretty	amazing	slot	70s	possibly	rock	out	the	kept	brown	song	leroy	of	we	to	stupid	is	best	bad	ever	written	it	that	were	in	billboard	1	think	pop	this
relate	feeling	and	richard	if	sang	people	emotions	times	female	some	can	he	32	out	i	for	another	duo	truth	their	at	the	but	guess	as	know	well	never	got	combination	best	voice	is	through	deserved	ever	there	much	songs	what	years	believe	musicians	when	it	she	music	imagine	said	30	many	into	go	with	credit	probably	hits	very	passed	really	put	those	this	so	emotion	depressing	personally
my	i	the	song	to	too	love	it	day	wonderful	makes	listen	its	all	time	really	this
kind	break	no	today	forever	can	will	music	of	this	artist	live
society	prevalent	be	if	such	no	two	these	the	attention	foundation	tragedy	have	disease	singer	had	way	to	is	not	lost	eating	there	too	an	question	her	she	that	would	bring	superstars	in	even	name	with	been	a	disorder	today	should	passed	needs	beautiful	soon	its	this	life	so
famous	my	singing	drum	but	oh	of	on	is	her	god	work	course	track	world	splendid	this
where	may	be	i	ca	or	song	any	appreciated	first	would	game	movie	listen	in	recall	a	reference	this	did
with	more	songs	share	me	got	that	this	anyone	similar	please
even	the	already	into	do	watching	just	tears	music	dare	i	by	to	listening	video
mean	friend	a	an	old	sounds	really	she	i	good	like
play	car	than	their	movies	at	the	before	hang	speaker	we	on	drive	better	music	door	would	movie	they	in	window	a	all	sounds	this
play	and	my	little	started	song	she	i	fell	sister	this	asleep	crying
how	be	if	such	tears	i	the	hear	brings	must	of	to	voice	not	ever	when	ironic	her	she	sing	lovely	one	a	voices	me	beautiful	most
and	my	who	still	likes	mom	listens	song	much	always	it	she	2019	in	very	sings	this	anyway
amazing	and	themselves	such	who	beating	others	live	attention	clean	have	song	draw	garbage	like	to	voice	resort	on	always	an	she	crap	god	bless	will	karen	world	a	without
the	ages	emotion	with	feeling	and	more	that	no	one	can	describe	smooth	for	voice	perfection
how	seen	if	have	just	she	could	beautiful	was
few	my	others	tears	can	had	way	voice	touches	typing	eyes	her	she	in	with	a	me	beautiful	this
about	how	quick	the	detailed	evergreen	song	moving	rip	to	is	musics	everything	world	good	this	so
and	touch	my	such	lot	early	can	i	their	the	album	single	but	do	as	song	of	singles	had	voice	dad	always	her	she	loved	that	far	go	mother	a	then	vocals	really	beautiful	think	anyone	this	bought
my	who	darn	i	these	am	onions	here	running	song	to	listening	are	now	an	eyes	put	this
many	more	your	have	hope	you	future	memories	for	good	thank	service
admit	generation	up	than	was	i	these	the	but	have	song	of	like	to	songs	that	grew	days	with	more	part	this
i	out	have	song	however	love	her	soul	she	music	that	would	they	all	very	beautiful	put	wish	did
and	with	because	love	kind	songs	my	parents	why	hanging	grandparents	of	i	out	this	is
and	than	to	voice	is	better	what	alone	her	together	music	our	today	happened	put	rap
can	you	i	feedback	song	hope	of	on	give	thank	made	any	cover	much	it	a	me	this	so
the	and	see	off	brother	problem	bankrupt	he	lived	is	her	hope	i	voice	not	did
only	shines	who	melody	still	just	i	after	am	the	noticed	comma	song	riff	of	to	is	chorus	70	piano	what	she	1st	that	background	in	name	one	half	sings	says
the	do	who	all	people	have	a	taste	music	you	disliked	for	this	to
be	a	truly	people	song	classic	forever	heart	that	this	will	is
and	be	once	resonance	you	unique	hear	know	never	has	to	voice	is	totally	her	imitated	she	that	in	a	its
the	were	lyrics	themselves	a	us	songs	speak	some	team	great	for	wonderful	they
and	a	no	one	recreate	clear	melancholy	her	remarkable	else	can	beautiful	crystal	voice
and	just	heard	you	for	change	key	ride	the	hear	of	to	made	casper	what	ticket	recorded	her	that	they	in	those
to	nice	friend	my	a	best	dear	you	weekend	wonderful	so	wishes
the	thought	laugh	song	me	it	of	this	at	liking	not	makes	anyone
the	find	beautifully	always	lyrics	a	song	match	written	female	best	ca	it	that	artist	fantastic
shivers	singing	loss	devastating	absolutely	my	us	an	all	still	her	down	to	spine	sends
than	just	necessary	was	richness	valued	state	masterpiece	the	song	heart	of	things	made	is	era	now	when	it	that	in	affluence	world	more	a	good	disturbing
and	about	u	be	come	you	i	the	do	know	have	so	why	had	thing	to	is	thought	love	always	what	knows	day	that	same	work	want	a	excited	me	say	night	good	this	at
the	ever	in	loss	unique	tragic	one	a	voices	industry	music	of	most
pretty	only	play	and	unheard	who	was	sadly	drums	the	heartfelt	of	to	voice	lost	era	her	she	wanted	soulful	fantastic	in	problem	a	bloody	say	beautiful	recluse
realized	singing	something	about	how	know	song	you	i	think	of	this	is	meta
birth	death	old	perception	suffering	age	of	sorrow
only	and	came	my	almost	d	you	the	apologize	here	completely	got	to	is	thank	charge	discharged	phone	preserve
invest	and	around	be	becomes	than	being	you	100	the	but	nothing	concerns	why	holders	of	business	to	not	is	are	billion	comes	it	dollar	000	will	managing	in	director	carlos	go	get	bankrupt	friend	a	share	concern	could	those	goes
and	be	such	at	the	height	us	singer	of	to	left	talented	young	age	her	god	with	a	sad	great	prime	so
do	wonder	a	truly	timeless	anymore	beautiful	singers	that	like	voice	make	they
and	damn	lot	another	was	i	seemed	woman	the	taken	clear	rip	behind	of	way	to	voice	listening	left	too	love	ended	her	she	music	effortless	that	sing	karen	a	one	sad	enjoy	soon	good	this	so
and	richard	brother	he	crafted	was	arranged	i	their	but	enough	repackage	do	so	of	by	has	to	voice	is	not	shame	too	what	songs	her	it	wonderfully	that	quieted	were	credit	gets	been	a	all	think	soon	able
amazing	but	and	what	my	an	song	time	still	before	it	soul	was	beautiful	sad	is	touches
too	there	as	childhood	no	such	song	very	music	thing	good	anymore	bad
karachi	where	and	my	if	low	loops	4	was	btw	i	out	for	pakistan	singing	sound	the	here	so	song	curios	of	got	has	to	is	words	preset	rupees	googled	carefully	quality	her	it	dollars	listened	in	find	real	indeed	daughter	a	part	beautiful	those	doll	400	bought
into	feeling	and	to	how	five	no	happy	close	song	seconds	matter	tears	i	this
every	with	love	body	melodious	no	a	than	song	her	sings	she	sweeter	voice
and	my	such	up	lose	i	man	hear	everytime	act	song	start	voice	watering	what	eyes	when	she	died	a	beautiful	this	allergies
blacklane	car	steamer	you	for	shove	sense	the	off	pie	well	fresh	of	on	to	thank	is	asking	it	class	bolt	boot	make	even	into	a	me
play	radio	still	played	another	viet	the	america	song	on	not	video	comment	saw	that	nam	they	in	a	sad	its	this
and	just	can	being	you	i	am	the	but	know	nothing	have	got	sadder	fixed	to	undo	yourself	from	better	done	depressed	that	listen	help	everything	more	sad	could	wished	this
last	while	reading	i	for	the	straight	song	cried	of	monday	by	to	listening	awakening	kate	ending	minutes	chopin	30	sad	this
pretty	and	or	very	singer	latina	she	good	so	is
and	90s	too	wow	house	a	just	sounds	she	child	this	like	is	incredible	track
southern	girl	accent	a	moan	although	dc	she	was	i	think	come	has	lol
in	even	shows	hear	do	on	fresh	sounds	timeless	it	2019	disco	this	often
only	and	my	times	just	was	shape	i	the	but	guess	as	is	wow	end	hair	her	it	back	she	that	same	14	then	fashionable	bell	concerning	good
mixed	heard	was	i	race	singing	as	way	has	girl	is	voice	thought	when	first	it	she	fantastic	black	a	either	this
only	and	lived	was	disco	for	short	july	the	but	90s	why	by	has	1980	from	totally	there	declined	always	it	dead	1981	rapidly	in	been	attempts	very	revival	sad
feeling	low	feel	itsliverpool	making	tune	especially	happier	but	as	is	much	love	track	in	me	this	liverpool
only	where	and	doing	people	such	lot	tender	i	for	at	wonder	well	of	voice	is	young	what	now	age	done	she	dream	nice	a	gifted
anyone	and	show	my	no	people	who	just	wish	was	you	i	million	the	but	do	know	oh	have	why	other	before	heart	never	of	had	things	business	to	are	there	seen	hair	age	her	it	retired	she	presence	that	showed	they	in	with	been	popular	a	all	dance	could	think	stage	this	mess
in	and	nuance	there	voice	also	years	a	yet	beyond	her	complexity	adorable	is
and	stay	people	yes	lived	mostly	being	was	band	i	these	knew	after	their	the	or	but	because	enough	do	know	have	never	got	understand	we	long	made	not	are	see	also	years	fully	underrated	it	together	underappreciated	maybe	due	that	they	were	many	with	problem	popular	hits	rated	time	really	say	great	this	full	did
tire	staves	tony	his	few	playing	another	windy	i	wold	their	english	channel	the	have	longer	though	song	never	super	of	thing	is	laugh	call	what	songs	that	day	would	beauty	they	were	into	real	black	been	a	more	nice	beautiful	great	good	this	blow	wish	did
about	be	harmonies	no	another	the	but	took	as	level	clearly	history	cares	conversation	to	match	it	beatles	same	that	in	with	one	vocal	part	regard	could	hollies	3
and	about	around	how	guys	if	he	yes	heard	was	you	i	these	looks	instinctively	the	harbor	noticed	horn	have	wondered	song	of	things	kinds	end	ever	looking	are	ahead	laugh	hey	nash	turns	towards	ships	into	go	a	think	often
and	guys	if	being	playing	you	i	band	everyone	told	song	fantasize	is	clapping	laugh	going	that	would	in	a	me	crazy	this	at
where	and	came	if	who	melody	hearing	whispering	heard	else	can	just	you	i	for	the	wrote	but	1966	know	parallel	have	song	other	before	of	beginning	miles	to	both	might	see	love	hey	songs	always	seems	when	first	familiar	it	following	vice	wondering	that	they	in	versa	with	been	more	one	anybody	think	hollies	this
attention	but	paid	really	heard	before	of	i	never	good	this	is	any	course
pretty	where	150	predicting	his	he	wrong	shape	come	was	predictions	novels	attack	the	wrote	but	soviet	predict	so	series	next	start	union	hitler	actually	wells	of	future	things	to	wwii	not	from	1930s	years	went	that	would	tried	in	herbert	a	could	good
and	about	heard	band	i	tune	at	the	commented	yesterday	gas	store	never	of	them	system	to	station	kid	love	what	in	stopped	a	very	sad	great	this	so	register
and	dominates	played	band	especially	the	lead	other	singer	instruments	of	camera	not	video	bad	deserved	too	since	face	members	recognition	they	equal	did
if	no	who	up	british	can	some	you	the	or	matter	person	we	like	is	are	agree	invasion	music	that	grew	with	14	a	me	good	this
may	and	soldiers	be	guys	than	cooler	was	these	out	brilliant	come	the	future	we	from	compare	there	now	tomorrow	music	were	all	anyone	without
already	only	few	themselves	making	you	i	write	the	sure	or	of	like	has	to	not	are	there	it	mind	will	fans	in	biography	crossed	a	one	time	think	tell	two
may	be	afraid	you	i	looks	ca	but	here	as	straight	guitarist	give	like	not	expert	right	a	answer
and	once	just	likes	else	old	influential	tunes	i	type	ca	the	but	here	as	have	so	of	thing	80s	them	to	sounding	listening	ironically	too	love	always	started	elvis	beatles	saw	they	into	many	stop	really	anybody	getting	great
admit	his	how	i	embarrassed	singing	the	took	have	actually	before	blown	long	by	to	is	first	it	listened	been	away	time	really	this
every	and	how	if	he	you	i	race	state	the	single	need	doc	song	heart	of	by	hypnotizes	does	to	girl	might	your	seen	it	puts	make	in	get	dream	audience	a	then	could	this	checked	wish
and	named	dude	be	his	apparently	gospel	resemblence	was	i	late	after	at	the	birth	jesse	singer	him	we	to	end	striking	seen	tomorrow	back	that	will	in	go	died	true	all	twin	this	so	anyone
the	were	be	songs	nowadays	just	old	best	honest	headache	elders	to	gives
about	and	be	if	no	people	can	you	i	replace	gon	please	the	or	because	know	here	rude	person	garbage	like	to	na	not	is	m	agree	rolex	what	magnificent	elvis	new	seriously	music	crap	that	gang	gucci	go	right	king	today	sounds	me	let	think	this	wait
and	wan	partner	my	such	hawaii	beach	i	the	song	to	na	when	listen	with	get	dream	dance	a	this	at
the	single	4th	know	song	selling	you	worldwide	that	this	best	is	did
only	about	generation	section	wrong	old	i	jerk	born	the	because	ones	of	thing	on	like	to	listening	is	circle	always	comment	kids	music	that	they	listen	in	dont	a	smart	think	youtube
20th	guys	century	come	you	for	sure	the	do	of	mail	special	to	listening	wow	are	your	when	artists	want	in	recognizable	one	most	medal
and	if	than	you	for	the	kind	of	way	thank	is	story	better	carefully	now	music	god	that	listen	tells	a	this
and	he	lived	up	still	was	i	the	lives	so	glad	of	on	best	is	ever	hearts	music	that	in	our	brought	king	guy	musician	this
original	than	i	version	the	but	must	naples	song	of	is	from	much	charming	tongue	mother	more	speak	say	think	this	so
pretty	and	my	people	others	40s	taste	some	come	i	for	existent	17	at	the	or	past	group	as	have	non	here	explicit	never	of	however	has	to	is	historic	from	60s	modern	much	love	currently	what	bold	alternative	points	illicit	age	it	music	that	50s	experience	profane	basic	they	listen	in	more	been	a	all	fossils	conclusion	compared	realise
still	just	another	was	i	am	the	sure	milestone	as	of	80s	is	evoke	response	it	music	2019	year	will	in	evolution	2040	similar
romantic	and	you	for	the	melodious	so	evergreen	song	thank	is	much	love	music	wonderful	sweet	very	beautiful	creation	this
how	no	times	just	tired	you	the	do	lyrics	song	matter	of	repeated	is	it	that	same	many	get	good	this	so
fear	and	came	if	my	be	yes	exciting	up	can	being	excitement	you	i	anymore	at	the	but	broke	everytime	do	decide	here	running	have	heart	behind	got	person	to	made	are	look	see	there	m	love	seen	what	when	it	star	that	dizzy	with	more	all	stop	me	night	crazy
feeling	my	if	almost	months	you	i	for	change	gon	wuv	have	got	na	read	strong	love	nothings	will	remember	were	a	6	this
and	last	my	he	old	was	i	for	the	boyfriend	1998	song	15	him	we	to	are	husband	since	years	send	first	it	together	loved	day	valentine	22	this
where	just	wrong	you	for	their	the	heart	give	materialistic	bullshit	is	from	are	love	what	songs	now	written	it	that	will	they	in	with	true	today	life
romantic	who	wrong	you	i	the	know	gave	person	of	down	to	is	thumbs	love	what	songs	it	want	in	with	a	one	all	time	really	most
may	about	be	if	1988	just	still	you	for	plan	change	especially	anymore	but	because	via	do	nothing	as	have	sacred	song	to	is	not	thought	ever	might	era	going	incase	love	appreciated	her	it	otherwise	ready	having	track	in	true	a	very	fool	great	backup	upload	this	without
romantic	and	afternoon	linen	beach	breeze	white	sand	late	california	floaty	the	have	suggestive	of	refreshing	shirt	on	walk	summer	dress	in	a	faded	lady	think	cool	good	anyone	levis
how	you	for	the	have	song	to	much	love	when	her	it	true	a	all	lady	say	x	this	says
do	version	a	little	should	new	song	of	this	fantastic	someone
the	are	real	about	nothing	people	today	when	music	gone	they	sing	days
swift	and	if	deserves	wrong	despecio	humans	the	wonder	brains	of	by	is	video	something	years	light	views	it	outbeats	makes	taylor	with	trillion	more	a	me	most	this
about	certain	his	my	takes	he	just	breath	tight	i	held	the	have	gave	thinking	him	on	best	are	omg	it	mind	away	a	hugs	me	man	hug
he	lot	shawn	must	like	looked	much	now	laid	back	in	mendes	been	a	then	fucking	getting	so	1987
and	his	times	you	man	the	lets	know	three	changes	got	shirt	on	look	crucifix	okay	a	this	at
where	be	certainly	for	the	sure	we	1980	not	focus	that	would	in	soft	without
about	just	especially	the	song	80s	not	love	what	during	it	overplayed	perfect	they	were	in	this	so	weddings
no	matter	we	best	is	love	what	missing	believe	year	in	real	world	a	this	banger
people	just	moment	being	i	happiest	priceless	called	thousand	song	of	thing	got	has	not	call	what	it	that	a	deserver	life
and	how	feel	i	for	change	am	the	do	nothing	so	of	to	not	is	bad	going	love	now	believe	it	god	they	makes	me	think	crying	someone
radio	touch	my	no	favorite	the	everytime	hear	song	heart	of	best	is	wow	love	question	when	forever	that	in	one	this
play	and	my	feel	these	i	am	born	have	lucky	of	them	like	to	era	songs	kids	an	nowadays	now	music	42	make	they	in	been	proud	me	really	beautiful	so
detention	how	if	he	you	i	for	change	gon	wonder	nothing	know	caught	never	na	lol	bad	ever	since	teacher	now	a	sings
romantic	and	dude	he	natural	feel	attractive	was	i	seemed	for	screen	boy	pinup	huge	had	on	like	side	not	teenage	star	movie	been	soft	typical	a	could
about	feeling	my	truly	still	loving	i	for	change	gon	the	nothing	have	ago	song	na	wife	ever	18	love	years	same	married	lovely	all	this	says
may	until	no	was	i	these	out	innocence	weeks	idea	ago	had	by	couple	add	to	kid	years	an	seems	it	honest	find	2018	a	all	this	sung	did
pretty	and	hit	if	sang	he	overall	still	than	some	these	tune	feelings	wonder	as	called	glen	song	of	had	benson	better	now	popstars	it	classified	with	emotion	been	a	one	george	great	good	this	so
snatched	and	how	my	was	uncle	live	attention	inside	song	heart	to	listening	love	it	create	taught	me	this
front	budget	i	the	of	is	not	video	lol	ever	seen	lowest	music	in	probably	a	although	blue	this	screen
his	he	downhill	still	almost	you	i	looks	but	naturally	guess	so	though	harder	like	worked	to	looked	young	now	when	that	go	more	typical	a	guy	should	sad	this	wish	preserve
ages	with	what	have	why	wrong	anymore	music	we	day	this	like	ca
and	came	yet	was	i	out	born	the	though	song	90	from	love	when	music	even	80	really	this
may	and	wan	again	his	be	my	just	feel	i	brightens	blessed	ca	thoughts	the	but	melts	song	never	thinking	him	of	heart	way	like	moon	na	thank	thought	lost	much	love	too	face	believe	send	first	god	hard	in	world	with	walker	sweet	a	very	time	stop	stars	think	its	this	so	wait
and	be	guys	if	can	you	i	the	as	to	first	it	music	make	listen	go	complaining	one	stop	good	this
listening	real	love	kind	my	up	music	of	i	day	this	to	make
himself	pretty	romantic	and	imho	curious	hi	for	the	chock	ones	as	college	of	on	to	best	reinvent	is	from	educator	mederios	era	school	songs	now	an	went	in	emerge	president	one	a	great	pop	cool	prep	full
about	and	how	you	i	gon	etc	other	behind	na	is	modern	from	are	much	better	songs	her	music	that	take	think
in	something	meant	about	videos	its	all	actually	music	great	these	that	looks	days
and	you	i	girlfriend	the	but	everytime	do	have	song	hope	not	cry	same	makes	funny	a	time	me	sad	great	its	this	at	2017
where	find	with	love	kind	song	can	innocent	of	i	these	video
the	millennium	romantic	excellent	love	one	a	all	song	classic	time	just	it	of	i	beat
and	exactly	just	easy	wants	woman	hear	song	innocent	to	simple	is	what	right	a	great	so	says
and	tough	my	who	just	tears	out	i	the	as	so	reduced	song	of	has	to	through	words	are	going	currently	husband	it	present	real	meaningful	a	time	me	sent	beautiful	this	at	country
the	quite	not	love	here	record	sounds	that	like	singing	live
performance	peace	shine	you	for	gon	sun	talent	anymore	the	of	amen	best	thank	na	rest	much	what	always	loved	in	ai	scott	one	a	this	says
sure	the	but	about	are	background	performed	definitely	this	vocals	music	on	not	live
in	where	be	parallel	have	is	limitlessly	it	universe	awesome	i	that	to	voice	reincarnated	want
and	move	still	loving	room	you	i	another	for	come	after	sure	the	idea	cause	seeing	have	lucky	tunnel	of	way	has	special	beginning	rest	love	mean	light	dead	door	that	make	our	in	with	minute	dream	true	a	one	should	second	improvement	really	cockamame	at	says	wait
the	hear	nice	group	as	a	well	sounds	studio	that	to	good	live	version
only	original	be	frankie	yes	who	than	my	you	i	version	the	hear	must	song	of	is	thinks	too	valli	better	when	mind	brothers	in	walker	recollection	one	think	slow	this	did
only	and	four	who	i	seasons	am	version	the	is	thinks	much	too	better	fast	horrible	that	one	this	so	did
and	again	came	apparently	still	heard	i	out	supernatural	hear	do	need	song	on	to	thought	love	when	it	loved	that	myself	this
and	his	lose	i	for	gon	am	anymore	the	son	of	way	is	any	na	wife	looking	that	in	gets	a	all	one	man
and	how	can	come	veins	means	the	technology	downy	we	easily	on	to	see	hair	now	fore	that	vintage	even	arms	with	tendons	scott	interesting	todays	this
yester	where	and	mary	original	show	again	such	you	i	for	singing	live	the	technology	sophisticated	case	association	had	appeared	on	is	jim	tube	comes	along	it	thanks	smothers	brothers	interested	they	60	in	with	realize	one	recording	did
only	and	be	whenever	appearances	used	making	you	band	50	easy	sound	the	technique	do	need	frequently	to	engineer	70	tracks	artists	needed	they	60	even	in	were	get	with	a	very	studio	this	did
bass	excellent	stuff	four	musically	no	lose	you	out	seasons	easy	the	but	emptiness	spectorish	nothing	miss	song	start	echoed	lyric	place	on	like	to	has	piano	going	much	there	what	it	that	win	line	in	with	more	a	one	really	great	cool	this	so	did
real	theme	nice	guys	have	further	song	should	voices	it	these	made	sound
and	hit	charting	people	than	shine	was	which	vocalist	especially	their	gon	club	sun	anymore	the	girls	but	1966	at	lead	have	well	aware	of	uk	20	to	successful	na	teenage	fan	reached	are	high	less	also	new	it	beatles	fact	among	that	larger	brothers	in	said	ai	walker	scott	been	a	number	1	popularity	most	particularly	this	country	did
frankie	he	originally	justice	just	was	i	the	single	but	do	as	song	1965	by	on	does	successful	not	valli	love	when	released	recorded	it	2019	brothers	in	more	walker	a	label	smash	december	this
until	powerful	keep	the	here	song	of	we	on	listening	end	timeless	day	will	a	time	great	this
the	idea	theme	eternal	no	beyond	song	time	was	had	that	this	their	they
and	my	who	just	shine	else	i	am	somehow	sun	father	the	sure	but	here	nearly	morning	thinking	got	3	has	to	listening	is	will	track	in	away	passed	its	this	smiling
about	and	my	favorite	none	shine	being	stands	i	out	50	gon	their	ca	sun	anymore	the	wholeheartedly	but	as	have	so	company	surname	of	garbage	has	to	best	is	na	made	trio	there	agree	songs	stand	alone	it	music	that	in	ai	with	funny	marin	walker	one	all	80	today	itunes	very	put	most	good	this
may	famous	than	band	the	america	as	have	britain	american	history	to	not	made	an	it	righteous	due	brothers	they	in	walker	did
and	reason	some	i	for	masterpiece	sound	the	because	artistically	respect	so	song	magnificently	alike	of	is	wow	both	are	confuse	much	what	always	an	unforgettable	righteous	groups	outstanding	brothers	deal	they	with	deserve	walker	probably	a	great	this	sung
every	and	apt	again	four	my	loving	aloud	singing	the	or	do	listens	three	listening	in	trick	should	second	28
the	in	ever	ones	rings	my	one	head	for	na	shine	great	of	that	gon	is	sun
every	posting	and	i	for	somehow	the	weeks	lyrics	ago	song	instruments	of	couple	to	video	from	era	missed	now	it	music	thanks	day	fantastic	listen	60	ran	into	a	one	voices	great	this
my	favorite	just	these	i	song	of	10	doomsday	ever	love	songs	it	a	one	knowing
and	his	no	timber	depth	male	clarity	vocalist	the	of	way	has	to	like	voice	music	deteriorated	listen	today	sounds	sad	this	so
tire	my	i	for	the	have	song	never	of	like	is	years	it	loved	five	even	many	in	more	definitely	today	top	think	this
musical	for	the	us	of	history	master	like	to	bad	too	forever	it	create	that	they	in	more	one	greatest	voices	enjoy	pieces	this	did
and	break	up	some	these	easy	song	had	on	voice	not	yourself	what	songs	it	meaning	take	real	drama	a	crazy	this
and	generation	be	up	the	us	of	we	to	from	musicians	it	music	dead	god	day	will	listen	our	with	get	shared	one	all	wake	beautiful
and	defining	given	crafted	was	sound	the	beautifully	so	moving	of	way	them	era	there	songs	what	available	back	music	60	were	many	in	equipment	one	then	classic	great	those	haunting	recording
and	about	generation	can	write	the	song	nobody	like	money	is	touching	nowadays	new	lust	artists	sucks	they	sing	fame	a	all	today	this
about	better	each	a	times	song	just	time	listened	i	perfect	that	got	to	million
amazing	ps	and	hearing	some	try	was	headphones	you	hidden	for	correct	the	off	production	so	presenting	never	uk	is	kan	stereo	somewhere	60s	thank	thru	much	format	your	it	mind	fantastic	our	in	away	additional	record	drummer	blows	its	this	magnificent	player
no	yet	up	download	their	sun	sound	beam	of	had	to	has	best	captured	not	era	since	music	day	that	they	own	died	one	shined	me	this	scottie
i	version	the	have	company	intelligible	orchestra	overwhelmed	by	always	create	would	been	more	a	record	vocals	wish
performance	microphone	obscuring	clip	was	irritating	the	despite	song	considered	camera	perhaps	what	an	it	singers	day	work	in	with	clever	awful	great	its
my	no	such	once	tight	brilliant	i	elsewhere	sound	the	but	detract	have	difficult	way	to	not	from	look	seen	mind	in	a	really	trousers	imprinted	good	wish
and	feeling	original	such	little	spirted	i	these	innocence	hear	here	song	of	has	to	kinds	pure	love	songs	a	vocals	beautiful	great	its	life
every	again	few	my	favorite	than	harmony	you	the	because	past	hear	never	super	of	way	does	voice	any	compare	love	better	songs	music	perfect	in	with	get	one	today	those	this	arrangement
the	mid	masculine	scott	ballads	one	melancholy	given	brilliant	of	great	by	engel	pop	throttle	full	60s
pretty	were	and	going	here	for	keeping	before	it	you	out	ricky	watch	i	thank	they
only	bass	no	you	i	am	the	but	whopper	here	as	well	bottom	of	like	does	to	is	not	now	it	that	miami	home	one	tell
bass	florida	early	can	i	out	the	mid	so	honestly	lock	south	had	on	is	through	90	from	era	classics	back	music	that	in	many	80	one	say	those	this	whole
play	every	races	be	generation	cookout	no	situation	if	fits	ya	you	out	seemed	type	muchm	anything	the	as	song	other	of	them	to	is	any	thank	are	there	much	agree	hey	now	an	same	that	will	listen	party	one	greatest	all	time	family	let	tell	this	genders	ask
diss	and	inspire	you	i	innovate	downgrade	motivate	beat	or	know	need	like	to	voice	na	made	has	not	lost	purpose	what	it	music	degrade	want	were	sha	this
where	and	how	women	try	you	men	told	but	because	called	why	we	to	is	love	your	now	when	that	felt	our	soft	all	this
only	and	be	few	if	little	lot	months	come	solely	i	information	the	weeks	but	schedule	do	have	ago	next	of	we	to	is	see	intended	email	it	would	that	in	been	more	one	a	bit	great	could	this	week
may	and	exactly	no	than	others	just	can	you	i	means	their	twice	do	as	have	song	other	like	to	is	from	comments	there	love	much	dumb	tomorrow	age	it	that	will	they	whatever	in	more	a	classic	me	say	this	life	so	nor
only	radio	and	natural	ball	masterpieces	dudes	he	such	can	you	i	man	talent	the	leo	have	tarts	of	had	by	them	on	to	wailing	not	less	young	songs	await	written	age	imagine	would	listen	many	more	a	all	then	today	passed	great	pop	this	at
amazing	and	no	yet	just	hd	graphics	special	to	not	is	something	era	there	music	that	simplistic	real	enchanced	really	those
pretty	end	much	too	wearing	what	paint	up	when	just	happens	i	that	is
amazing	and	came	yes	cute	after	the	here	singer	street	we	has	to	listening	grandma	that	sweet	guy	all	smile
such	people	unbelievable	after	singing	powerful	the	seeing	twitter	here	media	of	included	is	video	amount	her	with	sweet	a	myself	lady	dog	source
and	mix	came	lola	than	can	loving	sensitive	i	after	singing	rescue	the	here	have	chihuahua	to	listening	is	intelligent	ever	too	russell	love	her	owned	she	terrier	more	a	malinda	herman	dog	say	most
i	the	prefer	song	is	soothing	video	format	seen	first	in	find	a	time	this	so	different
how	be	you	i	delivered	twice	the	as	song	bottom	heart	never	of	measure	youngsters	to	is	word	from	much	love	what	tomorrow	will	beauty	message	unfortunately	a	today	beautiful	great	weight	this	able
months	melodica	i	for	the	or	off	advance	starts	so	song	way	like	to	chorus	something	trying	there	https	it	thanks	hard	same	remember	in	with	been	a	this	similar	goes
if	my	than	can	i	for	boyfriend	song	him	future	love	that	would	sing	more	me	say	tell	this
and	hear	young	love	as	a	song	it	over	could	i	way	this	special	to	man	sing
scruffy	his	came	he	after	girlfriend	unattractive	wonder	marry	to	girl	zealand	what	new	her	real	with	a	then	happened	did
and	around	who	lot	just	another	was	i	you	am	the	epileptic	seized	of	noise	way	is	look	when	it	music	days	were	dance	guy	all	today	feels	those	bulls
cars	tune	late	the	clear	streets	relaxed	of	to	is	are	drive	when	with	a	night	vibe	good	this	at
car	be	moment	roadway	golden	driving	california	the	sunset	song	to	listening	through	imagine	would	warm	with	desert	a	this
and	my	you	i	short	but	permission	song	use	like	are	too	film	want	sir	dear	really
and	forget	you	singing	gives	but	leo	song	singer	never	by	not	is	memorable	that	will	many	one	a	life
looking	talented	and	love	his	always	as	have	boot	very	well	music	beautiful	i	good	to	voice
radio	and	than	still	early	other	80s	of	them	any	are	era	songs	classics	streaming	many	broadcast	get	more	pop	huge
signers	about	and	generation	if	i	care	of	70	art	musics	day	that	they	s	were	true	80	part	good	wish
every	and	came	than	you	i	out	gather	before	like	from	what	it	take	more	a	bit	sounds	breath
do	mean	cry	guy	just	me	another	you	i	to	am	make
and	how	else	the	know	on	to	is	love	giving	it	that	will	goes	they	gift	keeps	someone
in	dancing	physically	friends	your	if	dance	can	you	mind	on	so	keep	ca
thought	the	original	no	guy	he	song	just	elvis	singer	was	of	i	another	this	is
himself	dancing	certainly	he	annoying	feel	the	assume	leo	by	does	to	like	is	not	video	are	love	that	judging	sayer	make	in	with	me
my	just	tears	insane	i	singing	loud	song	of	fell	unsaid	like	sorrow	n	sometime	in	with	eye	crazy	this	so	full
and	painting	how	be	no	reason	afro	some	i	hot	for	ross	the	apparent	have	entire	down	on	to	action	video	bob	seriously	it	would	that	bizarre	background	in	throughout
only	yeah	just	was	i	40	the	here	have	song	dated	of	thought	an	film	vintage	in	home	daddy	sweet	brought	myself	instrumental	me	this
only	and	my	melody	pull	can	orchestration	complete	golden	the	or	oldies	other	of	by	couple	simple	made	from	songs	dozen	that	outstanding	message	away	one	a	80	me	later	arranging	standards	adult
may	nice	be	as	one	countrify	song	it	will	never	of	day	this	they	course	version
how	such	i	do	song	understand	is	dislike	it	home	right	hits	a	beautiful	could	this	at	someone
digital	and	excellent	than	versions	was	rely	singing	the	devices	lyrics	on	to	voice	modern	produce	better	it	music	singers	far	in	real	more	beautiful	which
and	health	for	the	happiness	luck	legenda	future	fan	much	young	too	love	light	class	music	arts	in	real	with	nice	very	time	family	good	life
pretty	every	and	if	my	no	ha	dudes	come	you	i	international	accepting	im	them	on	to	girl	not	range	are	suit	mean	hair	currently	age	would	pink	want	sing	in	with	a	guy	dates	this	big
and	them	as	doing	he	giving	gifts	cutting	making	i	out	pictures	like	is
tire	and	absolutely	my	hearing	i	song	never	favorites	of	love	it	will	one	this
his	my	he	some	but	cup	heart	extremely	of	like	melting	is	songs	one	tea	really	this
about	around	brother	my	he	was	you	i	gon	as	though	sort	song	favorites	use	him	of	like	has	na	1980	look	love	it	that	doormat	a	all	one	safe	boyfriends	me	really	let	tell	good
he	people	others	sick	least	out	hospitals	for	singing	at	but	care	leo	as	of	is	not	nonetheless	thinks	kids	started	that	would	in	funny	nice	a	guy	really	most	clown
painter	richard	he	who	i	suggest	the	but	or	seeing	do	know	as	softly	well	him	of	got	thing	on	video	simmons	going	that	would	opening	speaks
and	how	afraid	such	feel	you	song	him	to	is	love	your	when	it	a	really	sad	beautiful	tell	this	someone
and	you	i	am	glad	song	like	to	important	not	is	when	age	comes	it	music	that	friend	time	dear	think	this
